あきる野市伊奈,あきる野市
あさぎり町上,あさぎり町
あさぎり町免田東,あさぎり町
あさぎり町岡原,あさぎり町
あさぎり町深田,あさぎり町
あさぎり町須惠,あさぎり町
あま市七宝町,あま市
あま市木田,あま市
あま市甚目寺,あま市
あわら市国影,あわら市
あわら市市姫,あわら市
いすみ市国府台,いすみ市
いすみ市大原,いすみ市
いすみ市岬町長者,いすみ市
いちき串木野市湊町,いちき串木野市
いちき串木野市緑町,いちき串木野市
いなべ市北勢町阿下喜,いなべ市
いなべ市員弁町笠田新田,いなべ市
いなべ市大安町丹生川久下,いなべ市
いなべ市藤原町市場,いなべ市
いの町上八川,いの町
いの町役場,いの町
いの町脇ノ山,いの町
いの町長沢,いの町
いわき市三和町,いわき市
いわき市小名浜,いわき市
いわき市平四ツ波,いわき市
いわき市平梅本,いわき市
いわき市錦町,いわき市
うきは市吉井町,うきは市
うきは市浮羽町,うきは市
うるま市みどり町,うるま市
うるま市与那城平安座,うるま市
うるま市勝連平安名,うるま市
うるま市石川石崎,うるま市
えびの市加久藤,えびの市
えりも町えりも岬,えりも町
えりも町本町,えりも町
えりも町目黒,えりも町
おいらせ町上明堂,おいらせ町
おいらせ町中下田,おいらせ町
かすみがうら市上土田,かすみがうら市
かすみがうら市大和田,かすみがうら市
かつらぎ町丁ノ町,かつらぎ町
かつらぎ町花園梁瀬,かつらぎ町
かほく市宇野気,かほく市
かほく市浜北,かほく市
かほく市高松,かほく市
さいたま中央区下落合,さいたま中央区
さいたま北区宮原,さいたま北区
さいたま南区別所,さいたま南区
さいたま大宮区大門,さいたま大宮区
さいたま大宮区天沼町,さいたま大宮区
さいたま岩槻区本丸,さいたま岩槻区
さいたま桜区道場,さいたま桜区
さいたま浦和区常盤,さいたま浦和区
さいたま浦和区高砂,さいたま浦和区
さいたま緑区中尾,さいたま緑区
さいたま西区指扇,さいたま西区
さいたま見沼区堀崎,さいたま見沼区
さつま町宮之城保健センタ,さつま町
さつま町宮之城屋地,さつま町
さつま町求名,さつま町
さつま町神子,さつま町
さぬき市寒川町,さぬき市
さぬき市志度,さぬき市
さぬき市津田町,さぬき市
さぬき市長尾東,さぬき市
さぬき市長尾総合公園,さぬき市
すさみ町周参見,すさみ町
せたな町北檜山区徳島,せたな町
せたな町北檜山区豊岡,せたな町
せたな町大成区都,せたな町
せたな町瀬棚区北島歌,せたな町
せたな町瀬棚区本町,せたな町
たつの市御津町,たつの市
たつの市揖保川町,たつの市
たつの市新宮町,たつの市
たつの市龍野町,たつの市
つがる市木造,つがる市
つがる市柏,つがる市
つがる市森田町,つがる市
つがる市稲垣町,つがる市
つがる市車力町,つがる市
つくばみらい市加藤,つくばみらい市
つくばみらい市福田,つくばみらい市
つくば市天王台,つくば市
つくば市小茎,つくば市
つくば市研究学園,つくば市
つるぎ町一宇,つるぎ町
つるぎ町半田,つるぎ町
つるぎ町貞光,つるぎ町
ときがわ町桃木,ときがわ町
ときがわ町玉川,ときがわ町
にかほ市平沢,にかほ市
にかほ市象潟町浜ノ田,にかほ市
にかほ市金浦,にかほ市
ひたちなか市南神敷台,ひたちなか市
ひたちなか市山ノ上町,ひたちなか市
ひたちなか市東石川,ひたちなか市
ふじみ野市大井,ふじみ野市
ふじみ野市福岡,ふじみ野市
まんのう町吉野下,まんのう町
まんのう町生間,まんのう町
まんのう町造田,まんのう町
みどり市大間々町,みどり市
みどり市東町,みどり市
みどり市笠懸町,みどり市
みなかみ町布施,みなかみ町
みなかみ町後閑,みなかみ町
みなかみ町鹿野沢,みなかみ町
みなべ町土井,みなべ町
みなべ町芝,みなべ町
みやき町三根,みやき町
みやき町中原,みやき町
みやき町北茂安,みやき町
みやこ町勝山上田,みやこ町
みやこ町犀川本庄,みやこ町
みやこ町豊津,みやこ町
みやま市山川町,みやま市
みやま市瀬高町,みやま市
みやま市高田町,みやま市
むかわ町松風,むかわ町
むかわ町穂別,むかわ町
むつ市大畑町中島,むつ市
むつ市大畑町奥薬研,むつ市
むつ市川内町,むつ市
むつ市脇野沢,むつ市
むつ市金曲,むつ市
むつ市金谷,むつ市
ニセコ町中央通,ニセコ町
一宮市千秋,一宮市
一宮市木曽川町,一宮市
一宮市緑,一宮市
一宮市西五城,一宮市
一宮町一宮,一宮町
一戸町高善寺,一戸町
一関市千厩町,一関市
一関市大東町,一関市
一関市室根町,一関市
一関市川崎町,一関市
一関市東山町,一関市
一関市竹山町,一関市
一関市花泉町,一関市
一関市藤沢町,一関市
七ヶ宿町関,七ヶ宿町
七ヶ浜町東宮浜,七ヶ浜町
七宗町上麻生,七宗町
七尾市中島町中島,七尾市
七尾市垣吉町,七尾市
七尾市本府中町,七尾市
七尾市能登島向田町,七尾市
七尾市袖ヶ江町,七尾市
七戸町七戸,七戸町
七戸町北天間舘,七戸町
七戸町森ノ上,七戸町
七飯町本町,七飯町
七飯町桜町,七飯町
三原市久井町,三原市
三原市円一町,三原市
三原市大和町,三原市
三原市本郷南,三原市
三原市館町,三原市
三原村来栖野,三原村
三宅島,三宅島
三宅村坪田,三宅村
三宅村神着,三宅村
三宅村阿古,三宅村
三宅町伴堂,三宅町
三島市大社町,三島市
三島市東本町,三島市
三島村硫黄島,三島村
三島村竹島,三島村
三島村黒島,三島村
三島町宮下,三島町
三川町横山,三川町
三戸町在府小路町,三戸町
三春町大町,三春町
三朝町大瀬,三朝町
三木市吉川町,三木市
三木市福井,三木市
三木市細川町,三木市
三木町氷上,三木町
三条市新堀,三条市
三条市荻堀,三条市
三条市西裏館,三条市
三沢市桜町,三沢市
三浦市城山町,三浦市
三田市下深田,三田市
三田市下里,三田市
三種町ことおか中央公園,三種町
三種町森岳,三種町
三種町鵜川,三種町
三種町鹿渡,三種町
三笠市幸町,三笠市
三股町五本松,三股町
三豊市三野町,三豊市
三豊市仁尾町,三豊市
三豊市山本町,三豊市
三豊市詫間町,三豊市
三豊市豊中町,三豊市
三豊市財田町,三豊市
三豊市高瀬町,三豊市
三郷市中央,三郷市
三郷町勢野西,三郷町
三重大紀町大内山,三重大紀町
三重大紀町滝原,三重大紀町
三重大紀町錦,三重大紀町
三重御浜町寺谷総合公園,三重御浜町
三重御浜町阿田和,三重御浜町
三重明和町馬之上,三重明和町
三重朝日町小向,三重朝日町
三重県中部,三重県中部
三重県北部,三重県北部
三重県南部,三重県南部
三重紀北町十須,三重紀北町
三重紀北町東長島,三重紀北町
三重紀北町相賀,三重紀北町
三鷹市新川,三鷹市
上ノ国町大留,上ノ国町
上ノ国町小砂子,上ノ国町
上ノ国町湯ノ岱,上ノ国町
上三川町しらさぎ,上三川町
上勝町旭,上勝町
上北山村河合,上北山村
上士幌町上士幌,上士幌町
上士幌町清水谷,上士幌町
上天草市大矢野町,上天草市
上天草市姫戸町,上天草市
上天草市松島町,上天草市
上天草市龍ヶ岳町,上天草市
上富田町朝来,上富田町
上富良野町大町,上富良野町
上小阿仁村小沢田,上小阿仁村
上尾市本町,上尾市
上山市河崎,上山市
上峰町坊所,上峰町
上島町岩城,上島町
上島町弓削,上島町
上島町生名,上島町
上島町魚島,上島町
上川中川町中川,上川中川町
上川地方上川町清川,上川地方上川町
上川地方上川町花園町,上川地方上川町
上川地方上川町越路,上川地方上川町
上川地方中部,上川地方中部
上川地方北部,上川地方北部
上川地方南部,上川地方南部
上市町稗田,上市町
上松町役場,上松町
上板町七條,上板町
上毛町垂水,上毛町
上毛町東下,上毛町
上牧町上牧,上牧町
上田市上丸子,上田市
上田市下武石,上田市
上田市大手,上田市
上田市真田町長,上田市
上田市築地,上田市
上砂川町上砂川,上砂川町
上越市三和区井ノ口,上越市
上越市中ノ俣,上越市
上越市中郷区藤沢,上越市
上越市吉川区原之町,上越市
上越市名立区名立大町,上越市
上越市大島区岡,上越市
上越市大手町,上越市
上越市大潟区土底浜,上越市
上越市安塚区安塚,上越市
上越市木田,上越市
上越市板倉区針,上越市
上越市柿崎区柿崎,上越市
上越市浦川原区釜淵,上越市
上越市清里区荒牧,上越市
上越市牧区柳島,上越市
上越市頸城区百間町,上越市
上郡町大持,上郡町
上里町七本木,上里町
上野原市四方津,上野原市
上野原市役所,上野原市
上野原市秋山,上野原市
上関町室津,上関町
上関町長島,上関町
下仁田町下小坂,下仁田町
下北山村寺垣内,下北山村
下呂市下呂小学校,下呂市
下呂市小坂町,下呂市
下呂市森,下呂市
下呂市萩原町,下呂市
下呂市金山町,下呂市
下呂市馬瀬,下呂市
下妻市本城町,下妻市
下妻市鬼怒,下妻市
下川町北町,下川町
下市町下市,下市町
下松市大手町,下松市
下松市瀬戸,下松市
下條村睦沢,下條村
下田市中,下田市
下田市加増野,下田市
下田市敷根,下田市
下諏訪町役場,下諏訪町
下郷町塩生,下郷町
下郷町高陦,下郷町
下野市大松山,下野市
下野市田中,下野市
下野市笹原,下野市
下関市役所,下関市
下関市清末陣屋,下関市
下関市竹崎,下関市
下関市菊川町下岡枝,下関市
下関市豊北町滝部,下関市
下関市豊北町角島,下関市
下関市豊浦町川棚,下関市
下関市豊浦町浄水場,下関市
下関市豊田町殿敷,下関市
与論町茶花,与論町
与論町麦屋,与論町
与謝野町加悦,与謝野町
与謝野町四辻,与謝野町
与謝野町岩滝,与謝野町
与那原町上与那原,与那原町
与那国町久部良,与那国町
与那国町役場,与那国町
与那国町祖納,与那国町
世羅町小国,世羅町
世羅町東神崎,世羅町
世羅町西上原,世羅町
中之条町中之条町,中之条町
中之条町入山,中之条町
中之条町日影,中之条町
中井町比奈窪,中井町
中土佐町久礼,中土佐町
中土佐町大野見吉野,中土佐町
中城村当間,中城村
中央市大鳥居,中央市
中央市成島,中央市
中央市臼井阿原,中央市
中富良野町本町,中富良野町
中山町長崎,中山町
中島村滑津,中島村
中川村大草,中川村
中札内村東２条,中札内村
中標津町丸山,中標津町
中標津町養老牛,中標津町
中泊町中里,中泊町
中泊町小泊,中泊町
中津川市かやの木町,中津川市
中津川市付知町,中津川市
中津川市加子母,中津川市
中津川市坂下,中津川市
中津川市小栗山,中津川市
中津川市山口,中津川市
中津川市川上,中津川市
中津川市本町,中津川市
中津川市福岡,中津川市
中津川市蛭川,中津川市
中津市三光,中津市
中津市上宮永,中津市
中津市山国町,中津市
中津市本耶馬渓町,中津市
中津市植野,中津市
中津市耶馬溪町,中津市
中津市豊田町,中津市
中種子町野間,中種子町
中能登町井田,中能登町
中能登町末坂,中能登町
中能登町能登部下,中能登町
中部国際空港,中部国際空港
中野市三好町,中野市
中野市豊津,中野市
中間市中間,中間市
中間市長津,中間市
中頓別町中頓別,中頓別町
串本町串本,串本町
串本町古座,串本町
串本町潮岬,串本町
串間市奈留,串間市
串間市役所,串間市
串間市都井,串間市
丸亀市大手町,丸亀市
丸亀市新田町,丸亀市
丸亀市綾歌町,丸亀市
丸亀市飯山町,丸亀市
丸森町上滝,丸森町
丸森町鳥屋,丸森町
丹波山村丹波,丹波山村
丹波市山南町,丹波市
丹波市市島町,丹波市
丹波市春日町,丹波市
丹波市柏原町,丹波市
丹波市氷上町,丹波市
丹波市青垣町,丹波市
丹波篠山市今田町,丹波篠山市
丹波篠山市北新町,丹波篠山市
丹波篠山市宮田,丹波篠山市
丹波篠山市杉,丹波篠山市
久万高原町久万,久万高原町
久万高原町東川,久万高原町
久万高原町柳井川,久万高原町
久万高原町渋草,久万高原町
久喜市下早見,久喜市
久喜市栗橋,久喜市
久喜市菖蒲,久喜市
久喜市青葉,久喜市
久喜市鷲宮,久喜市
久山町久原,久山町
久御山町田井,久御山町
久慈市山形町,久慈市
久慈市川崎町,久慈市
久慈市枝成沢,久慈市
久慈市長内町,久慈市
久留米市三潴町,久留米市
久留米市北野町,久留米市
久留米市城南町,久留米市
久留米市城島町,久留米市
久留米市小森野町,久留米市
久留米市津福本町,久留米市
久留米市田主丸町,久留米市
久米南町下弓削,久米南町
久米島町仲泊,久米島町
久米島町山城,久米島町
久米島町比嘉,久米島町
久米島町謝名堂,久米島町
乙部町緑町,乙部町
九十九里町片貝,九十九里町
九度山町九度山,九度山町
九戸村伊保内,九戸村
九重町後野上,九重町
亀山市本丸町,亀山市
亀山市椿世町,亀山市
亀山市関町木崎,亀山市
亀岡市余部町,亀岡市
亀岡市安町,亀岡市
二宮町中里,二宮町
二戸市浄法寺町,二戸市
二戸市石切所,二戸市
二戸市福岡,二戸市
二本松市小浜,二本松市
二本松市油井,二本松市
二本松市金色,二本松市
二本松市針道,二本松市
五ヶ瀬町三ヶ所,五ヶ瀬町
五城目町西磯ノ目,五城目町
五島市三井楽町,五島市
五島市上大津町,五島市
五島市奈留町,五島市
五島市富江町富江,五島市
五島市富江町繁敷,五島市
五島市岐宿町,五島市
五島市木場町,五島市
五島市玉之浦町,五島市
五戸町倉石中市,五戸町
五戸町古舘,五戸町
五所川原市太田,五所川原市
五所川原市敷島町,五所川原市
五所川原市栄町,五所川原市
五所川原市相内,五所川原市
五所川原市金木町,五所川原市
五木村甲,五木村
五條市大塔町辻堂,五條市
五條市岡口,五條市
五條市西吉野町,五條市
五泉市太田,五泉市
五泉市愛宕甲,五泉市
五泉市村松乙,五泉市
五霞町小福田,五霞町
井原市井原町,井原市
井原市美星町,井原市
井原市芳井町,井原市
井川町北川尻,井川町
井手町井手,井手町
亘理町悠里,亘理町
交野市私部,交野市
京丹後市丹後町,京丹後市
京丹後市久美浜市民局,京丹後市
京丹後市久美浜町広瀬,京丹後市
京丹後市大宮町,京丹後市
京丹後市峰山町,京丹後市
京丹後市弥栄町吉沢,京丹後市
京丹後市弥栄町溝谷,京丹後市
京丹後市網野町,京丹後市
京丹波町坂原,京丹波町
京丹波町本庄,京丹波町
京丹波町橋爪,京丹波町
京丹波町蒲生,京丹波町
京極町京極,京極町
京田辺市田辺,京田辺市
京都上京区薮ノ内町,京都上京区
京都下京区河原町塩小路,京都下京区
京都中京区河原町御池,京都中京区
京都中京区西ノ京,京都中京区
京都伏見区竹田,京都伏見区
京都伏見区醍醐,京都伏見区
京都北区大宮西脇台町,京都北区
京都南区西九条,京都南区
京都右京区京北周山町,京都右京区
京都右京区太秦,京都右京区
京都山科区安朱川向町,京都山科区
京都山科区西野,京都山科区
京都左京区広河原能見町,京都左京区
京都左京区田中,京都左京区
京都府北部,京都府北部
京都府南部,京都府南部
京都東山区清水,京都東山区
京都西京区大枝,京都西京区
京都西京区樫原,京都西京区
人吉市蟹作町,人吉市
人吉市西間下町,人吉市
仁木町西町,仁木町
仁淀川町土居,仁淀川町
仁淀川町大崎,仁淀川町
仁淀川町森,仁淀川町
今別町今別,今別町
今帰仁村仲宗根,今帰仁村
今治市上浦町,今治市
今治市伯方町,今治市
今治市南宝来町二丁目,今治市
今治市吉海町,今治市
今治市大三島町,今治市
今治市大西町,今治市
今治市宮窪町,今治市
今治市朝倉北,今治市
今治市波方町,今治市
今治市玉川町,今治市
今治市菊間町,今治市
今治市関前岡村,今治市
今金町今金,今金町
仙北市田沢湖生保内上清水,仙北市
仙北市田沢湖生保内宮ノ後,仙北市
仙北市田沢湖田沢,仙北市
仙北市西木町上桧木内,仙北市
仙北市西木町上荒井,仙北市
仙北市角館町中菅沢,仙北市
仙北市角館町小勝田,仙北市
仙台太白区山田,仙台太白区
仙台宮城野区五輪,仙台宮城野区
仙台宮城野区苦竹,仙台宮城野区
仙台泉区将監,仙台泉区
仙台空港,仙台空港
仙台若林区遠見塚,仙台若林区
仙台青葉区作並,仙台青葉区
仙台青葉区大倉,仙台青葉区
仙台青葉区落合,仙台青葉区
仙台青葉区雨宮,仙台青葉区
伊万里市立花町,伊万里市
伊丹市千僧,伊丹市
伊予市下吾川,伊予市
伊予市中山町,伊予市
伊予市双海町,伊予市
伊仙町伊仙,伊仙町
伊佐市大口山野,伊佐市
伊佐市大口鳥巣,伊佐市
伊佐市菱刈前目,伊佐市
伊勢原市伊勢原,伊勢原市
伊勢崎市今泉町,伊勢崎市
伊勢崎市境,伊勢崎市
伊勢崎市東町,伊勢崎市
伊勢崎市西久保町,伊勢崎市
伊勢市二見町茶屋,伊勢市
伊勢市小俣町元町,伊勢市
伊勢市岩淵,伊勢市
伊勢市御薗町長屋,伊勢市
伊勢市楠部町,伊勢市
伊勢市矢持町,伊勢市
伊奈町中央,伊奈町
伊平屋村役場,伊平屋村
伊平屋村我喜屋,伊平屋村
伊方町三崎,伊方町
伊方町三机,伊方町
伊方町湊浦,伊方町
伊是名村仲田,伊是名村
伊東市八幡野,伊東市
伊東市大原,伊東市
伊根町亀島,伊根町
伊根町日出,伊根町
伊江村東江前,伊江村
伊豆の国市田京,伊豆の国市
伊豆の国市長岡,伊豆の国市
伊豆大島,伊豆大島
伊豆大島町元町,伊豆大島町
伊豆大島町差木地,伊豆大島町
伊豆大島町波浮港,伊豆大島町
伊豆市中伊豆グラウンド,伊豆市
伊豆市八幡,伊豆市
伊豆市土肥,伊豆市
伊豆市小立野,伊豆市
伊豆市湯ケ島,伊豆市
伊賀市下柘植,伊賀市
伊賀市四十九町,伊賀市
伊賀市小田町,伊賀市
伊賀市島ヶ原,伊賀市
伊賀市平田,伊賀市
伊賀市緑ケ丘本町,伊賀市
伊賀市阿保,伊賀市
伊賀市馬場,伊賀市
伊那市下新田,伊那市
伊那市長谷溝口,伊那市
伊那市高遠町荊口,伊那市
伊那市高遠町西高遠,伊那市
会津坂下町市中三番甲,会津坂下町
会津美里町新鶴庁舎,会津美里町
会津美里町本郷庁舎,会津美里町
会津美里町高田庁舎,会津美里町
会津若松市北会津町,会津若松市
会津若松市材木町,会津若松市
会津若松市河東町,会津若松市
会津若松市追手町,会津若松市
伯耆町吉長,伯耆町
伯耆町溝口,伯耆町
住田町世田米,住田町
佐々町本田原,佐々町
佐世保市世知原町,佐世保市
佐世保市八幡町,佐世保市
佐世保市吉井町,佐世保市
佐世保市宇久町,佐世保市
佐世保市小佐々町,佐世保市
佐世保市干尽町,佐世保市
佐世保市江迎町,佐世保市
佐世保市鹿町町,佐世保市
佐久市下小田切,佐久市
佐久市中込,佐久市
佐久市望月,佐久市
佐久市甲,佐久市
佐久市臼田,佐久市
佐久穂町高野町,佐久穂町
佐井村佐井,佐井村
佐井村長後,佐井村
佐伯市上浦,佐伯市
佐伯市堅田,佐伯市
佐伯市宇目,佐伯市
佐伯市弥生,佐伯市
佐伯市役所,佐伯市
佐伯市春日町,佐伯市
佐伯市本匠,佐伯市
佐伯市直川,佐伯市
佐伯市米水津,佐伯市
佐伯市蒲江猪串浦,佐伯市
佐伯市蒲江蒲江浦,佐伯市
佐伯市鶴見,佐伯市
佐呂間町永代町,佐呂間町
佐川町役場,佐川町
佐渡市両津支所,佐渡市
佐渡市両津湊,佐渡市
佐渡市千種,佐渡市
佐渡市小木町,佐渡市
佐渡市岩谷口,佐渡市
佐渡市新穂瓜生屋,佐渡市
佐渡市松ヶ崎,佐渡市
佐渡市河原田本町,佐渡市
佐渡市畑野,佐渡市
佐渡市相川三町目,佐渡市
佐渡市相川栄町,佐渡市
佐渡市相川金山,佐渡市
佐渡市真野新町,佐渡市
佐渡市羽茂本郷,佐渡市
佐渡市赤泊,佐渡市
佐用町三日月,佐用町
佐用町上月,佐用町
佐用町下徳久,佐用町
佐用町佐用,佐用町
佐賀市三瀬,佐賀市
佐賀市久保田,佐賀市
佐賀市大和,佐賀市
佐賀市富士町,佐賀市
佐賀市川副,佐賀市
佐賀市東与賀,佐賀市
佐賀市栄町,佐賀市
佐賀市諸富,佐賀市
佐賀市駅前中央,佐賀市
佐賀県北部,佐賀県北部
佐賀県南部,佐賀県南部
佐賀鹿島市納富分,佐賀鹿島市
佐那河内村下,佐那河内村
佐野市中町,佐野市
佐野市田沼町,佐野市
佐野市葛生東,佐野市
佐野市高砂町,佐野市
余市町朝日町,余市町
余市町浜中町,余市町
信濃町柏原東裏,信濃町
倉吉市岩倉長峯,倉吉市
倉吉市葵町,倉吉市
倉吉市関金町大鳥居,倉吉市
倉敷市下津井,倉敷市
倉敷市児島小川町,倉敷市
倉敷市新田,倉敷市
倉敷市水島北幸町,倉敷市
倉敷市沖,倉敷市
倉敷市玉島阿賀崎,倉敷市
倉敷市白楽町,倉敷市
倉敷市真備町,倉敷市
倉敷市船穂町,倉敷市
倶知安町北４条,倶知安町
倶知安町南１条,倶知安町
備前市伊部,備前市
備前市吉永町,備前市
備前市日生町,備前市
備前市東片上,備前市
備前市福田,備前市
光市中央,光市
光市岩田,光市
入善町入膳,入善町
入間市豊岡,入間市
八丈島,八丈島
八丈町三根,八丈町
八丈町富士グランド,八丈町
八丈町樫立,八丈町
八代市千丁町,八代市
八代市坂本町,八代市
八代市平山新町,八代市
八代市新地町,八代市
八代市東陽町,八代市
八代市泉支所,八代市
八代市泉町,八代市
八代市鏡町,八代市
八千代市大和田新田,八千代市
八千代町菅谷,八千代町
八女市上陽町,八女市
八女市吉田,八女市
八女市星野村,八女市
八女市矢部村,八女市
八女市立花町,八女市
八女市黒木町今,八女市
八女市黒木町北木屋,八女市
八尾市本町,八尾市
八峰町八森木戸の沢,八峰町
八峰町峰浜目名潟,八峰町
八幡市八幡,八幡市
八幡平市叺田,八幡平市
八幡平市大更,八幡平市
八幡平市田頭,八幡平市
八幡平市野駄,八幡平市
八幡浜市五反田,八幡浜市
八幡浜市保内町,八幡浜市
八幡浜市広瀬,八幡浜市
八戸市内丸,八戸市
八戸市南郷,八戸市
八戸市島守,八戸市
八戸市湊町,八戸市
八潮市中央,八潮市
八王子市堀之内,八王子市
八王子市大横町,八王子市
八王子市石川町,八王子市
八百津町八百津,八百津町
八街市八街,八街市
八郎潟町大道,八郎潟町
八重瀬町具志頭,八重瀬町
八重瀬町東風平,八重瀬町
八雲町上の湯,八雲町
八雲町住初町,八雲町
八雲町熊石雲石町,八雲町
八頭町北山,八頭町
八頭町船岡,八頭町
八頭町郡家,八頭町
六ヶ所村出戸,六ヶ所村
六ヶ所村尾駮,六ヶ所村
六戸町犬落瀬,六戸町
共和町南幌似,共和町
兵庫太子町鵤,兵庫太子町
兵庫県北部,兵庫県北部
兵庫県南東部,兵庫県南東部
兵庫県南西部,兵庫県南西部
兵庫県淡路島,兵庫県淡路島
兵庫神河町寺前,兵庫神河町
兵庫神河町新田,兵庫神河町
兵庫稲美町国岡,兵庫稲美町
兵庫香美町小代区,兵庫香美町
兵庫香美町村岡区神坂,兵庫香美町
兵庫香美町香住区三川,兵庫香美町
兵庫香美町香住区香住,兵庫香美町
内子町内子,内子町
内子町小田,内子町
内子町平岡,内子町
内灘町大学,内灘町
出雲崎町川西,出雲崎町
出雲崎町米田,出雲崎町
出雲市今市町,出雲市
出雲市佐田町反辺,出雲市
出雲市坂浦町,出雲市
出雲市塩冶有原町,出雲市
出雲市多伎町小田,出雲市
出雲市大社町杵築南,出雲市
出雲市平田町,出雲市
出雲市斐川町上庄原,出雲市
出雲市湖陵町二部,出雲市
函南町平井,函南町
函館市大森町,函館市
函館市尾札部町,函館市
函館市川汲町,函館市
函館市新浜町,函館市
函館市日ノ浜町,函館市
函館市泊町,函館市
函館市美原,函館市
刈羽村割町新田,刈羽村
刈谷市寿町,刈谷市
初山別村初山別,初山別村
初山別村有明,初山別村
別府市上野口町,別府市
別府市天間,別府市
別府市鶴見,別府市
別海町常盤,別海町
別海町本別海,別海町
別海町西春別,別海町
利尻富士町鬼脇,利尻富士町
利尻富士町鴛泊,利尻富士町
利尻町沓形,利尻町
利府町利府,利府町
利根町布川,利根町
前橋市堀越町,前橋市
前橋市大手町,前橋市
前橋市富士見町,前橋市
前橋市昭和町,前橋市
前橋市粕川町,前橋市
前橋市駒形町,前橋市
前橋市鼻毛石町,前橋市
剣淵町仲町,剣淵町
加古川市加古川町,加古川市
加古川市志方町,加古川市
加東市天神,加東市
加東市河高,加東市
加東市社,加東市
加茂市幸町,加茂市
加西市下万願寺町,加西市
加西市北条町,加西市
加賀市大聖寺南町,加賀市
加賀市山中温泉本町,加賀市
加賀市直下町,加賀市
加須市三俣,加須市
加須市北川辺,加須市
加須市大利根,加須市
加須市騎西,加須市
勝央町勝間田,勝央町
勝山市旭町,勝山市
勝浦市墨名,勝浦市
勝浦市新官,勝浦市
勝浦町久国,勝浦町
北上市柳原町,北上市
北上市相去町,北上市
北中城村喜舎場,北中城村
北九州八幡東区大谷,北九州八幡東区
北九州八幡東区桃園,北九州八幡東区
北九州八幡西区相生町,北九州八幡西区
北九州小倉北区大手町,北九州小倉北区
北九州小倉南区横代東町,北九州小倉南区
北九州小倉南区若園,北九州小倉南区
北九州戸畑区新池,北九州戸畑区
北九州若松区桜町,北九州若松区
北九州門司区大里東,北九州門司区
北名古屋市井瀬木,北名古屋市
北名古屋市西之保,北名古屋市
北塩原村北山,北塩原村
北大東村中野,北大東村
北大東村黄金山,北大東村
北山村大沼,北山村
北島町中村,北島町
北川村野友,北川村
北広島市中の沢,北広島市
北広島町大朝,北広島町
北広島町川小田,北広島町
北広島町有田,北広島町
北広島町豊平郵便局,北広島町
北広島町都志見,北広島町
北方町北方,北方町
北本市本町,北本市
北栄町土下,北栄町
北栄町由良宿,北栄町
北海道利尻礼文,北海道利尻礼文
北海道奥尻島,北海道奥尻島
北相木村役場,北相木村
北秋田市新田目,北秋田市
北秋田市米内沢,北秋田市
北秋田市花園町,北秋田市
北秋田市阿仁水無,北秋田市
北竜町和,北竜町
北竜町竜西,北竜町
北茨城市中郷町,北茨城市
北茨城市磯原町,北茨城市
北見地方,北見地方
北見市公園町,北見市
北見市南仲町,北見市
北見市常呂町常呂,北見市
北見市常呂町東浜,北見市
北見市留辺蘂町富士見,北見市
北見市留辺蘂町栄町,北見市
北見市留辺蘂町温根湯温泉,北見市
北見市端野町二区,北見市
北谷町桑江,北谷町
匝瑳市今泉,匝瑳市
匝瑳市八日市場ハ,匝瑳市
十勝地方中部,十勝地方中部
十勝地方北部,十勝地方北部
十勝地方南部,十勝地方南部
十勝大樹町東本通,十勝大樹町
十勝大樹町生花,十勝大樹町
十勝池田町西１条,十勝池田町
十勝清水町南４条,十勝清水町
十和田市奥瀬,十和田市
十和田市西二番町,十和田市
十和田市西十二番町,十和田市
十日町市上山,十日町市
十日町市下条,十日町市
十日町市千歳町,十日町市
十日町市松之山,十日町市
十日町市松代,十日町市
十日町市水口沢,十日町市
十津川村小原,十津川村
千代田町赤岩,千代田町
千早赤阪村水分,千早赤阪村
千曲市上山田温泉,千曲市
千曲市戸倉,千曲市
千曲市杭瀬下,千曲市
千歳市北栄,千歳市
千歳市支笏湖温泉,千歳市
千歳市若草,千歳市
千葉中央区中央港,千葉中央区
千葉佐倉市海隣寺町,千葉佐倉市
千葉県北東部,千葉県北東部
千葉県北西部,千葉県北西部
千葉県南部,千葉県南部
千葉稲毛区園生町,千葉稲毛区
千葉緑区おゆみ野,千葉緑区
千葉美浜区ひび野,千葉美浜区
千葉美浜区稲毛海岸,千葉美浜区
千葉花見川区花島町,千葉花見川区
千葉若葉区小倉台,千葉若葉区
千葉若葉区野呂町,千葉若葉区
半田市東洋町,半田市
南あわじ市北阿万,南あわじ市
南あわじ市市,南あわじ市
南あわじ市広田,南あわじ市
南あわじ市湊,南あわじ市
南あわじ市福良,南あわじ市
南さつま市加世田川畑,南さつま市
南さつま市坊津町久志,南さつま市
南さつま市大浦町,南さつま市
南さつま市笠沙町片浦,南さつま市
南さつま市金峰町尾下,南さつま市
南アルプス市寺部,南アルプス市
南アルプス市小笠原,南アルプス市
南アルプス市榎原,南アルプス市
南アルプス市芦安芦倉,南アルプス市
南アルプス市飯野,南アルプス市
南アルプス市鮎沢,南アルプス市
南三陸町志津川,南三陸町
南三陸町歌津,南三陸町
南丹市八木町八木,南丹市
南丹市園部町小桜町,南丹市
南丹市日吉町保野田,南丹市
南丹市美山町島,南丹市
南九州市川辺町平山,南九州市
南九州市知覧町郡,南九州市
南九州市頴娃町牧之内,南九州市
南伊勢町五ヶ所浦,南伊勢町
南伊勢町神前浦,南伊勢町
南伊豆町下賀茂,南伊豆町
南伊豆町入間,南伊豆町
南伊豆町石廊崎,南伊豆町
南会津町古町,南会津町
南会津町山口,南会津町
南会津町松戸原,南会津町
南会津町滝原,南会津町
南会津町田島,南会津町
南会津町界,南会津町
南国市オオソネ,南国市
南城市佐敷字佐敷,南城市
南城市佐敷字新里,南城市
南城市大里仲間,南城市
南城市玉城字玉城,南城市
南城市知念久手堅,南城市
南大東村在所,南大東村
南大東村役場,南大東村
南大東村池之沢,南大東村
南大隅町佐多伊座敷,南大隅町
南大隅町根占,南大隅町
南富良野町幾寅,南富良野町
南富良野町役場,南富良野町
南小国町赤馬場,南小国町
南山城村北大河原,南山城村
南島原市加津佐町,南島原市
南島原市北有馬町,南島原市
南島原市南有馬町,南島原市
南島原市口之津町,南島原市
南島原市布津町,南島原市
南島原市有家町,南島原市
南島原市深江町,南島原市
南島原市西有家町,南島原市
南幌町栄町,南幌町
南房総市上堀,南房総市
南房総市久枝,南房総市
南房総市千倉町瀬戸,南房総市
南房総市和田町,南房総市
南房総市富浦町青木,南房総市
南房総市岩糸,南房総市
南房総市白浜町白浜,南房総市
南房総市谷向,南房総市
南木曽町役場,南木曽町
南木曽町読書小学校,南木曽町
南相木村見上,南相木村
南相馬市原町区三島町,南相馬市
南相馬市原町区本町,南相馬市
南相馬市原町区高見町,南相馬市
南相馬市小高区,南相馬市
南相馬市鹿島区栃窪,南相馬市
南相馬市鹿島区西町,南相馬市
南知多町豊浜,南知多町
南砺市上平細島,南砺市
南砺市下梨,南砺市
南砺市井波,南砺市
南砺市利賀村上百瀬,南砺市
南砺市城端,南砺市
南砺市天池,南砺市
南砺市苗島,南砺市
南砺市荒木,南砺市
南砺市蛇喰,南砺市
南種子町中之上,南種子町
南種子町中之下,南種子町
南種子町西之,南種子町
南箕輪村役場,南箕輪村
南越前町今庄,南越前町
南越前町東大道,南越前町
南越前町河野,南越前町
南足柄市関本,南足柄市
南関町関町,南関町
南阿蘇村中松,南阿蘇村
南阿蘇村吉田,南阿蘇村
南阿蘇村河陰,南阿蘇村
南阿蘇村河陽,南阿蘇村
南陽市三間通,南陽市
南風原町兼城,南風原町
南魚沼市六日町,南魚沼市
南魚沼市塩沢小学校,南魚沼市
南魚沼市塩沢庁舎,南魚沼市
南魚沼市浦佐,南魚沼市
占冠村中央,占冠村
印西市大森,印西市
印西市笠神,印西市
印西市美瀬,印西市
厚岸町尾幌,厚岸町
厚岸町真栄,厚岸町
厚木市下津古久,厚木市
厚木市中町,厚木市
厚沢部町新町,厚沢部町
厚沢部町木間内,厚沢部町
厚真町京町,厚真町
厚真町鹿沼,厚真町
原村役場,原村
双葉町長塚,双葉町
取手市井野,取手市
取手市寺田,取手市
取手市藤代,取手市
古平町浜町,古平町
古座川町高池,古座川町
古殿町松川新桑原,古殿町
古殿町松川横川,古殿町
只見町只見,只見町
只見町黒谷,只見町
可児市兼山,可児市
可児市広見,可児市
各務原市川島河田町,各務原市
各務原市那加桜町,各務原市
合志市御代志,合志市
合志市竹迫,合志市
吉備中央町下加茂,吉備中央町
吉備中央町豊野,吉備中央町
吉富町広津,吉富町
吉岡町下野田,吉岡町
吉川市きよみ野,吉川市
吉田町住吉,吉田町
吉見町下細谷,吉見町
吉賀町六日市,吉賀町
吉賀町柿木村柿木,吉賀町
吉野ヶ里町三田川,吉野ヶ里町
吉野ヶ里町東脊振,吉野ヶ里町
吉野川市山川町,吉野川市
吉野川市川島町,吉野川市
吉野川市美郷,吉野川市
吉野川市鴨島町,吉野川市
吉野町上市,吉野町
名取市増田,名取市
名古屋中区市役所,名古屋中区
名古屋中区県庁,名古屋中区
名古屋中川区東春田,名古屋中川区
名古屋中村区大宮町,名古屋中村区
名古屋北区萩野通,名古屋北区
名古屋千種区日和町,名古屋千種区
名古屋南区鳴尾,名古屋南区
名古屋名東区名東本町,名古屋名東区
名古屋天白区島田,名古屋天白区
名古屋守山区下志段味,名古屋守山区
名古屋守山区西新,名古屋守山区
名古屋昭和区阿由知通,名古屋昭和区
名古屋東区筒井,名古屋東区
名古屋港区善進本町,名古屋港区
名古屋港区春田野,名古屋港区
名古屋港区金城ふ頭,名古屋港区
名古屋熱田区一番,名古屋熱田区
名古屋瑞穂区塩入町,名古屋瑞穂区
名古屋緑区有松町,名古屋緑区
名古屋西区八筋町,名古屋西区
名寄市大通,名寄市
名寄市西５条,名寄市
名寄市風連町,名寄市
名張市鴻之台,名張市
名護市宮里,名護市
名護市港,名護市
名護市豊原,名護市
向日市寺戸町,向日市
君津市久保,君津市
君津市久留里市場,君津市
吹田市内本町,吹田市
呉市下蒲刈町,呉市
呉市二河町,呉市
呉市安浦町,呉市
呉市宝町,呉市
呉市川尻町,呉市
呉市広,呉市
呉市焼山,呉市
呉市蒲刈町,呉市
呉市豊浜町,呉市
呉市豊町,呉市
呉市郷原町,呉市
呉市音戸中学校,呉市
呉市音戸町,呉市
周南市富田,周南市
周南市岐山通り,周南市
周南市桜馬場通り,周南市
周南市熊毛中央町,周南市
周南市鹿野上,周南市
周防大島町久賀,周防大島町
周防大島町小松,周防大島町
周防大島町平野,周防大島町
周防大島町東和総合支所,周防大島町
周防大島町西安下庄,周防大島町
和光市広沢,和光市
和寒町西町,和寒町
和木町和木,和木町
和束町釜塚,和束町
和歌山印南町印南,和歌山印南町
和歌山市一番丁,和歌山市
和歌山市男野芝丁,和歌山市
和歌山広川町広,和歌山広川町
和歌山日高町高家,和歌山日高町
和歌山県北部,和歌山県北部
和歌山県南部,和歌山県南部
和歌山美浜町和田,和歌山美浜町
和気町尺所,和気町
和気町矢田,和気町
和水町板楠,和水町
和水町江田,和水町
和泊町和泊,和泊町
和泊町国頭,和泊町
唐津市七山,唐津市
唐津市北波多,唐津市
唐津市厳木町,唐津市
唐津市呼子,唐津市
唐津市浜玉,唐津市
唐津市相知,唐津市
唐津市竹木場,唐津市
唐津市肥前,唐津市
唐津市西城内,唐津市
唐津市鎮西町,唐津市
善通寺市文京町,善通寺市
喜多方市塩川町,喜多方市
喜多方市山都町,喜多方市
喜多方市御清水,喜多方市
喜多方市松山町,喜多方市
喜多方市熱塩加納町,喜多方市
喜多方市高郷町,喜多方市
喜界町湾,喜界町
喜界町滝川,喜界町
喜茂別町喜茂別,喜茂別町
喬木村役場,喬木村
嘉島町上島,嘉島町
嘉手納町嘉手納,嘉手納町
嘉麻市上山田,嘉麻市
嘉麻市上臼井,嘉麻市
嘉麻市大隈町,嘉麻市
嘉麻市岩崎,嘉麻市
四万十市古津賀,四万十市
四万十市西土佐江川崎,四万十市
四万十町十川,四万十町
四万十町大正,四万十町
四万十町琴平町,四万十町
四万十町窪川中津川,四万十町
四国中央市中曽根町,四国中央市
四国中央市土居町,四国中央市
四国中央市新宮町,四国中央市
四国中央市金生町,四国中央市
四日市市新浜町,四日市市
四日市市日永,四日市市
四日市市楠町北五味塚,四日市市
四日市市諏訪町,四日市市
四條畷市西中野,四條畷市
四街道市鹿渡,四街道市
国分寺市戸倉,国分寺市
国分寺市泉町,国分寺市
国富町本庄,国富町
国東市国見町伊美,国東市
国東市国見町西方寺,国東市
国東市安岐町,国東市
国東市武蔵町,国東市
国東市田深,国東市
国東市鶴川,国東市
国立市富士見台,国立市
国見町藤田,国見町
国頭村奥,国頭村
国頭村辺土名,国頭村
土佐市蓮池,土佐市
土佐清水市天神町,土佐清水市
土佐清水市有永,土佐清水市
土佐清水市松尾,土佐清水市
土佐清水市足摺岬,土佐清水市
土佐町土居,土佐町
土岐市泉町,土岐市
土岐市肥田,土岐市
土庄町大部,土庄町
土庄町淵崎,土庄町
土浦市常名,土浦市
土浦市田中,土浦市
土浦市藤沢,土浦市
坂出市久米町,坂出市
坂出市王越町,坂出市
坂城町坂城,坂城町
坂戸市千代田,坂戸市
坂東市山,坂東市
坂東市岩井,坂東市
坂東市役所,坂東市
坂東市馬立,坂東市
坂町役場,坂町
坂祝町取組,坂祝町
垂井町役場,垂井町
垂水市田神,垂水市
城里町徳蔵,城里町
城里町石塚,城里町
城里町阿波山,城里町
城陽市寺田,城陽市
基山町宮浦,基山町
埼玉三芳町藤久保,埼玉三芳町
埼玉県北部,埼玉県北部
埼玉県南部,埼玉県南部
埼玉県秩父,埼玉県秩父
埼玉神川町下阿久原,埼玉神川町
埼玉神川町植竹,埼玉神川町
埼玉美里町木部,埼玉美里町
塙町塙,塙町
塩尻市広丘高出,塩尻市
塩尻市木曽平沢,塩尻市
塩尻市楢川保育園,塩尻市
塩竈市今宮町,塩竈市
塩谷町玉生,塩谷町
境港市東本町,境港市
境港市竹内町,境港市
境町旭町,境町
増毛町岩尾,増毛町
増毛町見晴町,増毛町
士別市朝日町,士別市
士別市東３条,士別市
士別市東６条,士別市
士幌町士幌,士幌町
壬生町壬生甲,壬生町
壮瞥町滝之町,壮瞥町
壱岐市勝本町,壱岐市
壱岐市石田町,壱岐市
壱岐市芦辺町中野,壱岐市
壱岐市芦辺町芦辺,壱岐市
壱岐市郷ノ浦町,壱岐市
売木村役場,売木村
夕張市若菜,夕張市
外ヶ浜町三厩,外ヶ浜町
外ヶ浜町平舘,外ヶ浜町
外ヶ浜町蟹田,外ヶ浜町
多久市北多久町,多久市
多古町多古,多古町
多可町中区,多可町
多可町八千代区,多可町
多可町加美区,多可町
多度津町家中,多度津町
多度津町栄町,多度津町
多摩市関戸,多摩市
多摩市鶴牧,多摩市
多気町朝柄,多気町
多気町相可,多気町
多治見市三笠町,多治見市
多治見市笠原町,多治見市
多良木町上球磨消防署,多良木町
多良木町多良木,多良木町
多良間村仲筋,多良間村
多良間村塩川,多良間村
多賀城市中央,多賀城市
多賀町多賀,多賀町
大仙市刈和野,大仙市
大仙市北長野,大仙市
大仙市協和境唐松岳,大仙市
大仙市南外,大仙市
大仙市大曲花園町,大仙市
大仙市太田町太田,大仙市
大仙市神宮寺,大仙市
大仙市高梨,大仙市
大任町大行事,大任町
大刀洗町冨多,大刀洗町
大分市佐賀関,大分市
大分市新春日町,大分市
大分市明野北,大分市
大分市舞鶴町,大分市
大分市野津原,大分市
大分県中部,大分県中部
大分県北部,大分県北部
大分県南部,大分県南部
大分県西部,大分県西部
大口町下小口,大口町
大台町佐原,大台町
大台町江馬,大台町
大和市下鶴間,大和市
大和村思勝,大和村
大和町吉岡,大和町
大和郡山市北郡山町,大和郡山市
大和高田市大中,大和高田市
大和高田市野口,大和高田市
大垣市上石津町,大垣市
大垣市丸の内,大垣市
大垣市墨俣町,大垣市
大多喜町大多喜,大多喜町
大子町池田,大子町
大宜味村大兼久,大宜味村
大山崎町円明寺,大山崎町
大山町御来屋,大山町
大山町末長,大山町
大山町赤坂,大山町
大崎上島町中野,大崎上島町
大崎上島町木江,大崎上島町
大崎上島町東野,大崎上島町
大崎市三本木,大崎市
大崎市古川三日町,大崎市
大崎市古川大崎,大崎市
大崎市古川旭,大崎市
大崎市岩出山,大崎市
大崎市松山,大崎市
大崎市田尻,大崎市
大崎市鳴子,大崎市
大崎市鹿島台,大崎市
大崎町仮宿,大崎町
大川市酒見,大川市
大川村小松,大川村
大府市中央町,大府市
大月市大月,大月市
大月市役所,大月市
大月市御太刀,大月市
大月町弘見,大月町
大木町八町牟田,大木町
大村市玖島,大村市
大東市新町,大東市
大桑村長野,大桑村
大槌町上町,大槌町
大江町左沢,大江町
大河原町新南,大河原町
大治町馬島,大治町
大泉町日の出,大泉町
大洗町磯浜町,大洗町
大津市南小松,大津市
大津市南郷,大津市
大津市国分,大津市
大津市御陵町,大津市
大津市木戸消防分団,大津市
大津市真野,大津市
大津町大津,大津町
大津町引水,大津町
大洲市大洲,大洲市
大洲市河辺町,大洲市
大洲市肱川町,大洲市
大洲市豊茂,大洲市
大洲市長浜,大洲市
大淀町桧垣本,大淀町
大潟村中央,大潟村
大熊町大川原,大熊町
大熊町野上,大熊町
大牟田市昭和町,大牟田市
大牟田市有明町,大牟田市
大牟田市笹林,大牟田市
大玉村南小屋,大玉村
大玉村玉井,大玉村
大田原市本町,大田原市
大田原市湯津上,大田原市
大田原市黒羽田町,大田原市
大田市仁摩町仁万,大田市
大田市大田町,大田市
大田市温泉津町小浜,大田市
大町市八坂,大町市
大町市大町図書館,大町市
大町市役所,大町市
大町市美麻,大町市
大町町大町,大町町
大石田町緑町,大石田町
大磯町月京,大磯町
大空町女満別西３条,大空町
大空町東藻琴,大空町
大竹市小方,大竹市
大網白里市大網,大網白里市
大船渡市大船渡町,大船渡市
大船渡市猪川町,大船渡市
大船渡市盛町,大船渡市
大蔵村清水,大蔵村
大蔵村肘折,大蔵村
大衡村大衡,大衡村
大豊町高須,大豊町
大豊町黒石,大豊町
大郷町粕川,大郷町
大野城市曙町,大野城市
大野市天神町,大野市
大野市貝皿,大野市
大野町大野,大野町
大間町大間,大間町
大阪中央区大手前,大阪中央区
大阪中央区大阪府庁,大阪中央区
大阪住之江区御崎,大阪住之江区
大阪住吉区遠里小野,大阪住吉区
大阪北区茶屋町,大阪北区
大阪和泉市府中町,大阪和泉市
大阪国際空港,大阪国際空港
大阪城東区放出西,大阪城東区
大阪堺市中区深井清水町,大阪堺市中区
大阪堺市北区新金岡町,大阪堺市北区
大阪堺市南区桃山台,大阪堺市南区
大阪堺市堺区大浜南町,大阪堺市堺区
大阪堺市堺区山本町,大阪堺市堺区
大阪堺市堺区市役所,大阪堺市堺区
大阪堺市東区日置荘原寺町,大阪堺市東区
大阪堺市美原区黒山,大阪堺市美原区
大阪堺市西区鳳東町,大阪堺市西区
大阪大正区泉尾,大阪大正区
大阪天王寺区上本町,大阪天王寺区
大阪太子町山田,大阪太子町
大阪岬町深日,大阪岬町
大阪平野区平野南,大阪平野区
大阪府北部,大阪府北部
大阪府南部,大阪府南部
大阪旭区大宮,大阪旭区
大阪東住吉区杭全,大阪東住吉区
大阪東成区東中本,大阪東成区
大阪東淀川区北江口,大阪東淀川区
大阪東淀川区柴島,大阪東淀川区
大阪此花区春日出北,大阪此花区
大阪浪速区元町,大阪浪速区
大阪淀川区木川東,大阪淀川区
大阪港区築港,大阪港区
大阪狭山市狭山,大阪狭山市
大阪生野区舎利寺,大阪生野区
大阪福島区福島,大阪福島区
大阪西区九条南,大阪西区
大阪西成区岸里,大阪西成区
大阪西淀川区千舟,大阪西淀川区
大阪都島区都島本通,大阪都島区
大阪阿倍野区松崎町,大阪阿倍野区
大阪鶴見区横堤,大阪鶴見区
大館市早口,大館市
大館市桜町,大館市
大館市比内町味噌内,大館市
大館市比内町扇田,大館市
大鰐町大鰐,大鰐町
大鹿村大河原,大鹿村
天城町平土野,天城町
天城町当部,天城町
天塩町川口,天塩町
天川村沢谷,天川村
天川村洞川,天川村
天栄村下松本,天栄村
天栄村湯本支所,天栄村
天理市川原城町,天理市
天童市老野森,天童市
天草市五和町,天草市
天草市倉岳町,天草市
天草市天草町,天草市
天草市御所浦町,天草市
天草市新和町,天草市
天草市有明町,天草市
天草市本渡町本渡,天草市
天草市本町,天草市
天草市栖本町,天草市
天草市河浦町,天草市
天草市牛深町,天草市
天龍村平岡,天龍村
天龍村清水,天龍村
太地町太地暖海公園,太地町
太地町役場,太地町
太宰府市観世音寺,太宰府市
太田市大原町,太田市
太田市新田金井町,太田市
太田市浜町,太田市
太田市粕川町,太田市
太田市西本町,太田市
太良町多良,太良町
奄美市住用町西仲間,奄美市
奄美市名瀬幸町,奄美市
奄美市名瀬港町,奄美市
奄美市笠利町里,奄美市
奈井江町奈井江,奈井江町
奈半利町役場,奈半利町
奈義町豊沢,奈義町
奈良川上村迫,奈良川上村
奈良川西町結崎,奈良川西町
奈良市二条大路南,奈良市
奈良市月ヶ瀬尾山,奈良市
奈良市西紀寺町,奈良市
奈良市都祁白石町,奈良市
奈良県,奈良県
奥出雲町三成,奥出雲町
奥出雲町横田,奥出雲町
奥多摩町氷川,奥多摩町
奥尻町奥尻,奥尻町
奥尻町松江,奥尻町
奥州市前沢,奥州市
奥州市水沢佐倉河,奥州市
奥州市水沢大鐘町,奥州市
奥州市江刺,奥州市
奥州市胆沢,奥州市
奥州市衣川,奥州市
女川町女川,女川町
妙高市栄町,妙高市
妙高市田口,妙高市
妙高市田町,妙高市
妙高市関山,妙高市
妹背牛町妹背牛,妹背牛町
姫島村役場,姫島村
姫路市夢前町前之庄,姫路市
姫路市安富町安志,姫路市
姫路市安田,姫路市
姫路市家島町真浦,姫路市
姫路市本町,姫路市
姫路市林田,姫路市
姫路市白浜,姫路市
姫路市神子岡前,姫路市
姫路市網干,姫路市
姫路市豊富,姫路市
姫路市香寺町中屋,姫路市
姶良市加治木町本町,姶良市
姶良市宮島町,姶良市
姶良市蒲生町北,姶良市
嬉野市下宿乙,嬉野市
嬉野市不動山,嬉野市
嬉野市塩田,嬉野市
嬬恋村大前,嬬恋村
宇佐市上田,宇佐市
宇佐市安心院町,宇佐市
宇佐市院内町,宇佐市
宇和島市三間町,宇和島市
宇和島市丸穂,宇和島市
宇和島市住吉町,宇和島市
宇和島市吉田町,宇和島市
宇和島市津島町,宇和島市
宇土市浦田町,宇土市
宇城市三角町,宇城市
宇城市不知火町,宇城市
宇城市小川町,宇城市
宇城市松橋町,宇城市
宇城市豊野町,宇城市
宇多津町役場,宇多津町
宇検村湯湾,宇検村
宇治市宇治琵琶,宇治市
宇治市折居台,宇治市
宇治田原町立川,宇治田原町
宇美町宇美,宇美町
宇部市常盤町,宇部市
宇部市東須恵,宇部市
宇部市船木,宇部市
宇部市野中,宇部市
宇都宮市中岡本町,宇都宮市
宇都宮市中里町,宇都宮市
宇都宮市塙田,宇都宮市
宇都宮市旭,宇都宮市
宇都宮市明保野町,宇都宮市
宇陀市大宇陀迫間,宇陀市
宇陀市室生大野,宇陀市
宇陀市榛原下井足,宇陀市
宇陀市菟田野松井,宇陀市
守口市京阪本通,守口市
守山市石田町,守山市
守谷市大柏,守谷市
安中市安中,安中市
安中市松井田町,安中市
安八町氷取,安八町
安城市和泉町,安城市
安城市横山町,安城市
安堵町東安堵,安堵町
安平町早来北進,安平町
安平町追分柏が丘,安平町
安曇野市三郷,安曇野市
安曇野市堀金,安曇野市
安曇野市明科,安曇野市
安曇野市穂高支所,安曇野市
安曇野市穂高福祉センター,安曇野市
安曇野市豊科,安曇野市
安来市伯太町東母里,安来市
安来市安来町,安来市
安来市広瀬町広瀬祖父谷丁,安来市
安田町安田,安田町
安芸太田町中筒賀,安芸太田町
安芸太田町加計,安芸太田町
安芸太田町戸河内,安芸太田町
安芸市矢ノ丸,安芸市
安芸市西浜,安芸市
安芸高田市八千代町,安芸高田市
安芸高田市吉田町,安芸高田市
安芸高田市向原町,安芸高田市
安芸高田市向原町長田,安芸高田市
安芸高田市甲田町,安芸高田市
安芸高田市美土里町,安芸高田市
安芸高田市高宮町,安芸高田市
宍粟市一宮町,宍粟市
宍粟市千種町,宍粟市
宍粟市山崎町中広瀬,宍粟市
宍粟市山崎町船元,宍粟市
宍粟市波賀町,宍粟市
宗像市大島,宗像市
宗像市東郷,宗像市
宗像市江口神原,宗像市
宗像市神湊,宗像市
宗谷地方北部,宗谷地方北部
宗谷地方南部,宗谷地方南部
宗谷枝幸町岬町,宗谷枝幸町
宗谷枝幸町本町,宗谷枝幸町
宗谷枝幸町栄町,宗谷枝幸町
宗谷枝幸町歌登東町,宗谷枝幸町
宗谷枝幸町風烈布,宗谷枝幸町
宜野座村宜野座,宜野座村
宜野湾市野嵩,宜野湾市
宝塚市東洋町,宝塚市
宝達志水町今浜,宝達志水町
宝達志水町子浦,宝達志水町
室戸市吉良川町,室戸市
室戸市室戸岬町,室戸市
室戸市浮津,室戸市
室蘭市寿町,室蘭市
室蘭市山手町,室蘭市
宮代町笠原,宮代町
宮古島市上野支所,宮古島市
宮古島市上野新里,宮古島市
宮古島市下地,宮古島市
宮古島市下地島空港,宮古島市
宮古島市伊良部前里添,宮古島市
宮古島市城辺福北,宮古島市
宮古島市城辺福西,宮古島市
宮古島市平良下里,宮古島市
宮古島市平良池間,宮古島市
宮古島市平良狩俣,宮古島市
宮古島市平良西里,宮古島市
宮古市五月町,宮古市
宮古市区界,宮古市
宮古市川井,宮古市
宮古市田老,宮古市
宮古市茂市,宮古市
宮古市鍬ヶ崎,宮古市
宮古市長沢,宮古市
宮城加美町中新田,宮城加美町
宮城加美町宮崎,宮城加美町
宮城加美町小野田,宮城加美町
宮城川崎町前川,宮城川崎町
宮城県中部,宮城県中部
宮城県北部,宮城県北部
宮城県南部,宮城県南部
宮城美里町北浦,宮城美里町
宮城美里町木間塚,宮城美里町
宮崎市佐土原町下田島,宮崎市
宮崎市松橋,宮崎市
宮崎市清武町船引,宮崎市
宮崎市田野支所,宮崎市
宮崎市田野町体育館,宮崎市
宮崎市霧島,宮崎市
宮崎市高岡町内山,宮崎市
宮崎県北部山沿い,宮崎県北部山沿い
宮崎県北部平野部,宮崎県北部平野部
宮崎県南部山沿い,宮崎県南部山沿い
宮崎県南部平野部,宮崎県南部平野部
宮崎美郷町宇納間,宮崎美郷町
宮崎美郷町田代,宮崎美郷町
宮崎美郷町神門,宮崎美郷町
宮崎都農町川北,宮崎都農町
宮崎都農町役場,宮崎都農町
宮津市柳縄手,宮津市
宮田村役場,宮田村
宮若市宮田,宮若市
宮若市福丸,宮若市
宿毛市桜町,宿毛市
宿毛市片島,宿毛市
寄居町寄居,寄居町
富加町滝田,富加町
富士吉田市上吉田,富士吉田市
富士吉田市下吉田,富士吉田市
富士宮市弓沢町,富士宮市
富士宮市猪之頭,富士宮市
富士宮市野中,富士宮市
富士宮市長貫,富士宮市
富士川町天神中条,富士川町
富士川町鰍沢,富士川町
富士市吉永,富士市
富士市大淵,富士市
富士市富士総合運動公園,富士市
富士市岩渕,富士市
富士市本市場,富士市
富士市永田町,富士市
富士河口湖町勝山,富士河口湖町
富士河口湖町役場,富士河口湖町
富士河口湖町本栖,富士河口湖町
富士河口湖町船津,富士河口湖町
富士河口湖町長浜,富士河口湖町
富士見市鶴馬,富士見市
富士見町落合,富士見町
富山市上二杉,富山市
富山市今泉,富山市
富山市八尾町福島,富山市
富山市婦中町笹倉,富山市
富山市山田湯,富山市
富山市新桜町,富山市
富山市楡原,富山市
富山市石坂,富山市
富山市花崎,富山市
富山朝日町境,富山朝日町
富山朝日町道下,富山朝日町
富山県東部,富山県東部
富山県西部,富山県西部
富岡市七日市,富岡市
富岡市妙義町,富岡市
富岡町本岡,富岡町
富津市下飯野,富津市
富田林市本町,富田林市
富田林市高辺台,富田林市
富良野市末広町,富良野市
富良野市若松町,富良野市
富谷市富谷,富谷市
富里市七栄,富里市
寒川町宮山,寒川町
寒河江市中央,寒河江市
寒河江市西根,寒河江市
寝屋川市本町,寝屋川市
寿都町新栄,寿都町
寿都町渡島,寿都町
射水市久々湊,射水市
射水市二口,射水市
射水市加茂中部,射水市
射水市小島,射水市
射水市本町,射水市
射水市橋下条,射水市
小値賀町笛吹,小値賀町
小千谷市城内,小千谷市
小千谷市旭町,小千谷市
小坂町小坂砂森,小坂町
小城市三日月,小城市
小城市小城,小城市
小城市牛津,小城市
小城市芦刈,小城市
小山市中央町,小山市
小山市神鳥谷,小山市
小山町藤曲,小山町
小山町須走,小山町
小川村高府,小川村
小川町大塚,小川町
小布施町小布施,小布施町
小平市小川町,小平市
小平町達布,小平町
小平町鬼鹿,小平町
小松島市横須町,小松島市
小松市向本折町,小松市
小松市小馬出町,小松市
小林市中原,小林市
小林市役所,小林市
小林市真方,小林市
小林市野尻町東麓,小林市
小樽市勝納町,小樽市
小樽市花園町,小樽市
小浜市四谷町,小浜市
小海町豊里,小海町
小清水町小清水,小清水町
小牧市安田町,小牧市
小田原市久野,小田原市
小田原市荻窪,小田原市
小矢部市水牧,小矢部市
小矢部市泉町,小矢部市
小竹町勝野,小竹町
小笠原,小笠原
小笠原村母島,小笠原村
小笠原村父島三日月山,小笠原村
小笠原村父島西町,小笠原村
小美玉市上玉里,小美玉市
小美玉市堅倉,小美玉市
小美玉市小川,小美玉市
小菅村小菅小学校,小菅村
小諸市小諸消防署,小諸市
小諸市文化センター,小諸市
小谷村中小谷,小谷村
小豆島町池田,小豆島町
小豆島町片城,小豆島町
小豆島町馬木,小豆島町
小郡市小郡,小郡市
小野市王子町,小野市
小野町中通,小野町
小野町小野新町,小野町
小金井市本町,小金井市
小鹿野町両神薄,小鹿野町
小鹿野町小鹿野,小鹿野町
小鹿野町役場両神庁舎,小鹿野町
尼崎市昭和通,尼崎市
尾張旭市東大道町,尾張旭市
尾花沢市若葉町,尾花沢市
尾道市久保,尾道市
尾道市向島町,尾道市
尾道市因島土生町,尾道市
尾道市御調町,尾道市
尾道市瀬戸田町,尾道市
尾道市長江,尾道市
尾鷲市中央町,尾鷲市
尾鷲市南浦,尾鷲市
尾鷲市南陽町,尾鷲市
屋久島町口永良部島公民館,屋久島町
屋久島町口永良部島池田,屋久島町
屋久島町宮之浦,屋久島町
屋久島町小瀬田,屋久島町
屋久島町尾之間,屋久島町
屋久島町平内,屋久島町
山ノ内町平穏,山ノ内町
山ノ内町消防署,山ノ内町
山中湖村山中,山中湖村
山元町浅生原,山元町
山北町山北,山北町
山口市前町,山口市
山口市大殿大路,山口市
山口市小郡下郷,山口市
山口市徳地堀,山口市
山口市秋穂二島,山口市
山口市秋穂東,山口市
山口市阿東徳佐,山口市
山口市阿東生雲,山口市
山口市阿知須,山口市
山口県中部,山口県中部
山口県北部,山口県北部
山口県東部,山口県東部
山口県西部,山口県西部
山形小国町小国小坂町,山形小国町
山形小国町岩井沢,山形小国町
山形川西町上小松,山形川西町
山形市旅篭町,山形市
山形市緑町,山形市
山形市薬師町,山形市
山形朝日町宮宿,山形朝日町
山形村役場,山形村
山形県庄内,山形県庄内
山形県最上,山形県最上
山形県村山,山形県村山
山形県置賜,山形県置賜
山形金山町中田,山形金山町
山形金山町金山,山形金山町
山梨北杜市健康ランド須玉,山梨北杜市
山梨北杜市大泉町,山梨北杜市
山梨北杜市小淵沢町,山梨北杜市
山梨北杜市役所,山梨北杜市
山梨北杜市明野町,山梨北杜市
山梨北杜市武川町,山梨北杜市
山梨北杜市白州町,山梨北杜市
山梨北杜市長坂町,山梨北杜市
山梨北杜市高根町,山梨北杜市
山梨南部町内船,山梨南部町
山梨南部町栄小学校,山梨南部町
山梨南部町福士,山梨南部町
山梨市三富川浦,山梨市
山梨市小原西,山梨市
山梨市牧丘町窪平,山梨市
山梨県中・西部,山梨県中・西部
山梨県東部・富士五湖,山梨県東部・富士五湖
山武市埴谷,山武市
山武市松尾町五反田,山武市
山武市松尾町富士見台,山武市
山武市殿台,山武市
山武市蓮沼ニ,山武市
山武市蓮沼ハ,山武市
山江村山田,山江村
山添村大西,山添村
山田町八幡町,山田町
山田町大沢,山田町
山辺町緑ケ丘,山辺町
山都町今,山都町
山都町大平,山都町
山都町浜町,山都町
山陽小野田市日の出,山陽小野田市
山陽小野田市鴨庄,山陽小野田市
山鹿市山鹿,山鹿市
山鹿市老人福祉センター,山鹿市
山鹿市菊鹿町,山鹿市
山鹿市鹿北町,山鹿市
山鹿市鹿央町,山鹿市
山鹿市鹿本町,山鹿市
岐南町八剣,岐南町
岐阜山県市大門,岐阜山県市
岐阜山県市美山支所,岐阜山県市
岐阜山県市谷合運動場,岐阜山県市
岐阜山県市高富,岐阜山県市
岐阜市京町,岐阜市
岐阜市加納二之丸,岐阜市
岐阜市柳津町,岐阜市
岐阜池田町六之井,岐阜池田町
岐阜県美濃中西部,岐阜県美濃中西部
岐阜県美濃東部,岐阜県美濃東部
岐阜県飛騨,岐阜県飛騨
岡垣町野間,岡垣町
岡山中区浜,岡山中区
岡山北区大供,岡山北区
岡山北区建部町,岡山北区
岡山北区御津金川,岡山北区
岡山北区新屋敷,岡山北区
岡山北区桑田町,岡山北区
岡山北区足守,岡山北区
岡山南区浦安南町,岡山南区
岡山南区片岡,岡山南区
岡山東区瀬戸町,岡山東区
岡山東区西大寺南,岡山東区
岡山県北部,岡山県北部
岡山県南部,岡山県南部
岡山美咲町久木,岡山美咲町
岡山美咲町原田,岡山美咲町
岡山美咲町西川,岡山美咲町
岡崎市樫山町,岡崎市
岡崎市若宮町,岡崎市
岡谷市幸町,岡谷市
岩倉市川井町,岩倉市
岩内町清住,岩内町
岩内町高台,岩内町
岩出市西野,岩出市
岩国市今津,岩国市
岩国市周東町下久原,岩国市
岩国市本郷町本郷,岩国市
岩国市横山,岩国市
岩国市玖珂支所,岩国市
岩国市玖珂町阿山,岩国市
岩国市由宇町,岩国市
岩国市美和町生見,岩国市
岩国市美川町四馬神,岩国市
岩国市美川町高ケ原,岩国市
岩国市錦町広瀬,岩国市
岩手洋野町大野,岩手洋野町
岩手洋野町種市,岩手洋野町
岩手町五日市,岩手町
岩手県内陸北部,岩手県内陸北部
岩手県内陸南部,岩手県内陸南部
岩手県沿岸北部,岩手県沿岸北部
岩手県沿岸南部,岩手県沿岸南部
岩沼市桜,岩沼市
岩泉町大川,岩泉町
岩泉町岩泉,岩泉町
岩美町浦富,岩美町
岩見沢市北村赤川,岩見沢市
岩見沢市栗沢町東本町,岩見沢市
岩見沢市鳩が丘,岩見沢市
岩見沢市５条,岩見沢市
岸和田市岸城町,岸和田市
岸和田市役所,岸和田市
岸和田市畑町,岸和田市
島原市下折橋町,島原市
島原市有明町,島原市
島本町若山台,島本町
島根県東部,島根県東部
島根県西部,島根県西部
島根県隠岐,島根県隠岐
島根美郷町君谷,島根美郷町
島根美郷町粕淵,島根美郷町
島根美郷町都賀本郷,島根美郷町
島牧村江ノ島,島牧村
島牧村泊,島牧村
島田市元島田,島田市
島田市川根町家山,島田市
島田市川根町笹間上,島田市
島田市金谷代官町,島田市
嵐山町杉山,嵐山町
川俣町五百田,川俣町
川内村上川内小山平,川内村
川内村上川内早渡,川内村
川内村下川内,川内村
川北町壱ツ屋,川北町
川南町川南,川南町
川口市三ツ和,川口市
川口市中青木分室,川口市
川口市安行領家,川口市
川場村谷地,川場村
川島町下八ツ林,川島町
川崎中原区小杉町,川崎中原区
川崎中原区小杉陣屋町,川崎中原区
川崎多摩区登戸,川崎多摩区
川崎宮前区宮前平,川崎宮前区
川崎宮前区野川,川崎宮前区
川崎川崎区中島,川崎川崎区
川崎川崎区千鳥町,川崎川崎区
川崎川崎区宮前町,川崎川崎区
川崎幸区戸手本町,川崎幸区
川崎高津区下作延,川崎高津区
川崎麻生区万福寺,川崎麻生区
川崎麻生区片平,川崎麻生区
川本町川本,川本町
川根本町上長尾,川根本町
川根本町東藤川,川根本町
川棚町中組,川棚町
川西市中央町,川西市
川越市新宿町,川越市
川越市旭町,川越市
川越町豊田一色,川越町
川辺町中川辺,川辺町
市原市国分寺台中央,市原市
市原市姉崎,市原市
市川三郷町上野,市川三郷町
市川三郷町六郷支所,市川三郷町
市川三郷町役場,市川三郷町
市川市八幡,市川市
市川市大町,市川市
市川市本行徳,市川市
市川町西川辺,市川町
市貝町市塙,市貝町
帯広市東４条,帯広市
帯広市東６条,帯広市
常滑市飛香台,常滑市
常総市新石下,常総市
常総市水海道諏訪町,常総市
常陸大宮市上小瀬,常陸大宮市
常陸大宮市中富町,常陸大宮市
常陸大宮市北町,常陸大宮市
常陸大宮市山方,常陸大宮市
常陸大宮市野口,常陸大宮市
常陸大宮市高部,常陸大宮市
常陸太田市大中町,常陸太田市
常陸太田市町屋町,常陸太田市
常陸太田市町田町,常陸太田市
常陸太田市金井町,常陸太田市
常陸太田市高柿町,常陸太田市
幌加内町平和,幌加内町
幌加内町朱鞠内,幌加内町
幌延町宮園町,幌延町
幕別町忠類明和,幕別町
幕別町忠類錦町,幕別町
幕別町本町,幕別町
平内町小湊,平内町
平内町東田沢,平内町
平取町仁世宇,平取町
平取町振内,平取町
平取町本町,平取町
平塚市浅間町,平塚市
平川市柏木町,平川市
平川市猿賀,平川市
平川市碇ヶ関,平川市
平戸市大島村,平戸市
平戸市岩の上町,平戸市
平戸市志々伎町,平戸市
平戸市生月町,平戸市
平戸市田平町,平戸市
平戸市鏡川町,平戸市
平泉町平泉,平泉町
平生町平生,平生町
平田村永田,平田村
平群町吉新,平群町
平群町鳴川,平群町
平谷村役場,平谷村
幸手市東,幸手市
幸田町菱池,幸田町
広尾町並木通,広尾町
広尾町白樺通,広尾町
広島三次市三和町,広島三次市
広島三次市三次町,広島三次市
広島三次市三良坂町,広島三次市
広島三次市作木町,広島三次市
広島三次市十日市中,広島三次市
広島三次市吉舎町,広島三次市
広島三次市君田町,広島三次市
広島三次市布野町,広島三次市
広島三次市甲奴図書館,広島三次市
広島中区上八丁堀,広島中区
広島中区羽衣町,広島中区
広島佐伯区利松,広島佐伯区
広島佐伯区湯来町和田,広島佐伯区
広島南区宇品海岸,広島南区
広島安佐北区可部南,広島安佐北区
広島安佐南区祇園,広島安佐南区
広島安芸区中野,広島安芸区
広島府中市上下町上下,広島府中市
広島府中市府川町,広島府中市
広島東区福田,広島東区
広島県北部,広島県北部
広島県南東部,広島県南東部
広島県南西部,広島県南西部
広島空港,広島空港
広島西区己斐,広島西区
広陵町南郷,広陵町
庄内町余目,庄内町
庄内町清川,庄内町
庄内町狩川,庄内町
庄原市中本町,庄原市
庄原市口和町,庄原市
庄原市東城町,庄原市
庄原市比和町,庄原市
庄原市総領町,庄原市
庄原市西城町大佐,庄原市
庄原市西城町熊野,庄原市
庄原市高野町,庄原市
府中町大通り,府中町
度会町棚橋,度会町
座間味村座間味,座間味村
座間市相武台,座間市
延岡市北川町川内名白石,延岡市
延岡市北川町総合支所,延岡市
延岡市北方町総合支所,延岡市
延岡市北方総合運動公園,延岡市
延岡市北浦町古江,延岡市
延岡市天神小路,延岡市
延岡市東本小路,延岡市
廿日市市下平良,廿日市市
廿日市市吉和,廿日市市
廿日市市大野,廿日市市
廿日市市宮島町,廿日市市
廿日市市津田,廿日市市
弘前市五所,弘前市
弘前市和田町,弘前市
弘前市城東中央,弘前市
弘前市弥生,弘前市
弘前市賀田,弘前市
弟子屈町サワンチサップ,弟子屈町
弟子屈町弟子屈,弟子屈町
弟子屈町美里,弟子屈町
弥富市前ヶ須町,弥富市
弥富市神戸,弥富市
弥彦村矢作,弥彦村
当別町白樺,当別町
当麻町３条,当麻町
彦根市元町,彦根市
彦根市城町,彦根市
彦根市西今町,彦根市
後志地方北部,後志地方北部
後志地方東部,後志地方東部
後志地方西部,後志地方西部
御代田町役場,御代田町
御前崎市御前崎,御前崎市
御前崎市池新田,御前崎市
御坊市湯川,御坊市
御坊市薗,御坊市
御宿町須賀,御宿町
御嵩町御嵩,御嵩町
御所市役所,御所市
御杖村菅野,御杖村
御殿場市竈,御殿場市
御殿場市茱萸沢,御殿場市
御殿場市萩原,御殿場市
御船町御船,御船町
御蔵島村西川,御蔵島村
徳之島町亀津,徳之島町
徳島三好市三野町,徳島三好市
徳島三好市井川町,徳島三好市
徳島三好市山城町,徳島三好市
徳島三好市東祖谷,徳島三好市
徳島三好市池田中学校,徳島三好市
徳島三好市池田町サラダ,徳島三好市
徳島三好市西祖谷山村,徳島三好市
徳島市大和町,徳島市
徳島市新蔵町,徳島市
徳島市津田町,徳島市
徳島県北部,徳島県北部
徳島県南部,徳島県南部
忍野村忍草,忍野村
志免町志免,志免町
志布志市志布志町志布志,志布志市
志布志市有明町野井倉,志布志市
志布志市松山町新橋,志布志市
志摩市大王町波切,志摩市
志摩市志摩町和具,志摩市
志摩市志摩町布施田,志摩市
志摩市浜島町浜島,志摩市
志摩市磯部町迫間,志摩市
志摩市阿児町鵜方,志摩市
志木市中宗岡,志木市
志賀町富来領家町,志賀町
志賀町末吉千古,志賀町
志賀町香能,志賀町
忠岡町忠岡東,忠岡町
恩納村恩納,恩納村
恵庭市京町,恵庭市
恵庭市漁平,恵庭市
恵那市上矢作町,恵那市
恵那市串原,恵那市
恵那市山岡町,恵那市
恵那市岩村町,恵那市
恵那市明智町,恵那市
恵那市長島小学校,恵那市
恵那市長島町,恵那市
愛別町南町,愛別町
愛南町一本松,愛南町
愛南町城辺,愛南町
愛南町御荘,愛南町
愛南町柏,愛南町
愛南町船越,愛南町
愛媛松前町筒井,愛媛松前町
愛媛県中予,愛媛県中予
愛媛県南予,愛媛県南予
愛媛県東予,愛媛県東予
愛媛鬼北町下鍵山,愛媛鬼北町
愛媛鬼北町成川,愛媛鬼北町
愛媛鬼北町近永,愛媛鬼北町
愛川町角田,愛川町
愛知みよし市三好町,愛知みよし市
愛知江南市赤童子町,愛知江南市
愛知津島市埋田町,愛知津島市
愛知県東部,愛知県東部
愛知県西部,愛知県西部
愛知美浜町河和,愛知美浜町
愛荘町安孫子,愛荘町
愛荘町愛知川,愛荘町
愛西市江西町,愛西市
愛西市石田町,愛西市
愛西市稲葉町,愛西市
愛西市諏訪町,愛西市
成田国際空港,成田国際空港
成田市中台,成田市
成田市名古屋,成田市
成田市役所,成田市
成田市松子,成田市
成田市猿山,成田市
我孫子市我孫子,我孫子市
戸沢村古口,戸沢村
戸田市上戸田,戸田市
所沢市並木,所沢市
所沢市北有楽町,所沢市
扶桑町高雄,扶桑町
指宿市十町,指宿市
指宿市山川新生町,指宿市
指宿市開聞十町,指宿市
掛川市三俣,掛川市
掛川市篠場,掛川市
掛川市西大渕,掛川市
掛川市長谷,掛川市
揖斐川町三輪,揖斐川町
揖斐川町中籠橋,揖斐川町
揖斐川町坂内,揖斐川町
揖斐川町春日,揖斐川町
揖斐川町東杉原,揖斐川町
揖斐川町東津汲,揖斐川町
揖斐川町西横山,揖斐川町
揖斐川町谷汲,揖斐川町
摂津市三島,摂津市
播磨町東本荘,播磨町
敦賀市松栄町,敦賀市
斑鳩町法隆寺西,斑鳩町
斜里町ウトロ香川,斜里町
斜里町本町,斜里町
新ひだか町三石旭町,新ひだか町
新ひだか町静内山手町,新ひだか町
新ひだか町静内御園,新ひだか町
新ひだか町静内御幸町,新ひだか町
新ひだか町静内農屋,新ひだか町
新上五島町奈良尾,新上五島町
新上五島町有川,新上五島町
新上五島町立串,新上五島町
新上五島町若松,新上五島町
新上五島町青方,新上五島町
新冠町北星町,新冠町
新十津川町中央,新十津川町
新千歳空港,新千歳空港
新地町谷地小屋,新地町
新城市乗本,新城市
新城市作手清岳,新城市
新城市作手高里松風呂,新城市
新城市作手高里縄手上,新城市
新城市大野,新城市
新城市東入船,新城市
新城市長篠,新城市
新宮市新宮,新宮市
新宮市熊野川町日足,新宮市
新宮市磐盾,新宮市
新宮町緑ヶ浜,新宮町
新富町上富田,新富町
新居浜市一宮町,新居浜市
新居浜市中筋町,新居浜市
新居浜市別子山,新居浜市
新島,新島
新島村大原,新島村
新島村式根島,新島村
新島村本村,新島村
新庄市住吉町,新庄市
新庄市堀端町,新庄市
新庄市東谷地田町,新庄市
新庄村役場,新庄村
新座市野火止,新座市
新得町トムラウシ,新得町
新得町２条,新得町
新温泉町浜坂,新温泉町
新温泉町湯,新温泉町
新潟中央区新潟市役所,新潟中央区
新潟中央区美咲町,新潟中央区
新潟中央区関屋,新潟中央区
新潟北区東栄町,新潟北区
新潟南区白根,新潟南区
新潟東区下木戸,新潟東区
新潟江南区泉町,新潟江南区
新潟県上越,新潟県上越
新潟県下越,新潟県下越
新潟県中越,新潟県中越
新潟県佐渡,新潟県佐渡
新潟秋葉区新津東町,新潟秋葉区
新潟秋葉区程島,新潟秋葉区
新潟空港,新潟空港
新潟西区寺尾東,新潟西区
新潟西蒲区巻甲,新潟西蒲区
新潟西蒲区役所,新潟西蒲区
新発田市中央町,新発田市
新発田市乙次,新発田市
新発田市住田,新発田市
新発田市本町,新発田市
新発田市真野原外,新発田市
新篠津村第４７線,新篠津村
新見市千屋実,新見市
新見市哲多町本郷,新見市
新見市哲西町矢田,新見市
新見市唐松,新見市
新見市大佐小阪部,新見市
新見市新見,新見市
新見市神郷下神代,新見市
新郷村戸来,新郷村
日の出町平井,日の出町
日之影町七折,日之影町
日光市中宮祠,日光市
日光市今市本町,日光市
日光市御幸町,日光市
日光市湯元,日光市
日光市瀬川,日光市
日光市芹沼,日光市
日光市藤原庁舎,日光市
日光市足尾町中才,日光市
日光市足尾町通洞,日光市
日光市鬼怒川温泉大原,日光市
日光市黒部,日光市
日出町役場,日出町
日南市中央通,日南市
日南市北郷町大藤,日南市
日南市北郷町郷之原,日南市
日南市南郷町南町,日南市
日南市吾田東,日南市
日南市油津,日南市
日南町生山,日南町
日南町霞,日南町
日吉津村日吉津,日吉津村
日向市亀崎,日向市
日向市大王谷運動公園,日向市
日向市富高,日向市
日向市東郷町山陰,日向市
日田市三本松,日田市
日田市上津江町,日田市
日田市中津江村合瀬,日田市
日田市中津江村栃野,日田市
日田市前津江町,日田市
日田市大山町,日田市
日田市天瀬町,日田市
日田市田島,日田市
日立市助川小学校,日立市
日立市十王町友部,日立市
日立市役所,日立市
日置市伊集院町郡,日置市
日置市吹上町中原,日置市
日置市日吉町日置,日置市
日置市東市来町長里,日置市
日進市蟹甲町,日進市
日野市神明,日野市
日高地方中部,日高地方中部
日高地方日高町日高,日高地方日高町
日高地方日高町門別,日高地方日高町
日高地方東部,日高地方東部
日高地方西部,日高地方西部
日高川町土生,日高川町
日高川町川原河,日高川町
日高川町高津尾,日高川町
日高市南平沢,日高市
日高村本郷,日高村
早島町前潟,早島町
早川町保,早川町
早川町薬袋,早川町
旭川市宮前１条,旭川市
旭川市７条,旭川市
旭市ニ,旭市
旭市南堀之内,旭市
旭市萩園,旭市
旭市高生,旭市
明日香村橘,明日香村
明石市中崎,明石市
明石市相生,明石市
春日井市鳥居松町,春日井市
春日市原町,春日市
春日部市粕壁,春日部市
春日部市谷原新田,春日部市
春日部市金崎,春日部市
昭和町押越,昭和町
昭島市田中町,昭島市
時津町浦,時津町
普代村銅屋,普代村
智頭町智頭,智頭町
更別村更別,更別村
曽於市大隅町中之内,曽於市
曽於市末吉町二之方,曽於市
曽於市財部町南俣,曽於市
曽爾村今井,曽爾村
最上町向町,最上町
月形町円山公園,月形町
有田川町下津野,有田川町
有田川町中井原,有田川町
有田川町清水,有田川町
有田市初島町,有田市
有田市箕島,有田市
有田町本町,有田町
有田町立部,有田町
朝倉市堤,朝倉市
朝倉市宮野,朝倉市
朝倉市杷木池田,朝倉市
朝倉市菩提寺,朝倉市
朝日村役場,朝日村
朝来市和田山町枚田,朝来市
朝来市和田山町柳原,朝来市
朝来市山東町,朝来市
朝来市新井,朝来市
朝来市生野町,朝来市
朝霞市本町,朝霞市
木古内町木古内,木古内町
木城町高城,木城町
木島平村往郷,木島平村
木更津市太田,木更津市
木更津市富士見,木更津市
木曽岬町西対海地,木曽岬町
木曽町三岳,木曽町
木曽町新開,木曽町
木曽町日義,木曽町
木曽町福島,木曽町
木曽町開田高原西野,木曽町
木津川市加茂町里,木津川市
木津川市山城町上狛,木津川市
木津川市木津,木津川市
木祖村薮原,木祖村
本別町北２丁目,本別町
本別町向陽町,本別町
本宮市本宮,本宮市
本宮市白岩,本宮市
本山町本山,本山町
本巣市下真桑,本巣市
本巣市文殊,本巣市
本巣市早野,本巣市
本巣市根尾,本巣市
本庄市児玉町,本庄市
本庄市本庄,本庄市
本部町役場,本部町
札幌中央区北２条,札幌中央区
札幌中央区南４条,札幌中央区
札幌北区太平,札幌北区
札幌北区新琴似,札幌北区
札幌北区篠路,札幌北区
札幌南区定山渓温泉,札幌南区
札幌南区川沿,札幌南区
札幌南区石山,札幌南区
札幌厚別区もみじ台,札幌厚別区
札幌手稲区前田,札幌手稲区
札幌東区元町,札幌東区
札幌清田区平岡,札幌清田区
札幌白石区北郷,札幌白石区
札幌西区琴似,札幌西区
札幌豊平区月寒東,札幌豊平区
杉戸町清地,杉戸町
村上市三之町,村上市
村上市塩町,村上市
村上市寒川,村上市
村上市山口,村上市
村上市岩沢,村上市
村上市岩船駅前,村上市
村上市府屋,村上市
村上市片町,村上市
村山市中央,村山市
村田町村田,村田町
東かがわ市南野,東かがわ市
東かがわ市引田,東かがわ市
東かがわ市湊,東かがわ市
東かがわ市西村,東かがわ市
東みよし町加茂,東みよし町
東みよし町昼間,東みよし町
東串良町川西,東串良町
東久留米市本町,東久留米市
東京世田谷区三軒茶屋,東京世田谷区
東京世田谷区世田谷,東京世田谷区
東京世田谷区中町,東京世田谷区
東京世田谷区成城,東京世田谷区
東京中央区勝どき,東京中央区
東京中央区日本橋兜町,東京中央区
東京中央区築地,東京中央区
東京中野区中央,東京中野区
東京中野区中野,東京中野区
東京中野区江古田,東京中野区
東京利島村東山,東京利島村
東京北区西ヶ原,東京北区
東京北区赤羽南,東京北区
東京千代田区大手町,東京千代田区
東京千代田区富士見,東京千代田区
東京千代田区麹町,東京千代田区
東京台東区千束,東京台東区
東京台東区東上野,東京台東区
東京品川区北品川,東京品川区
東京品川区平塚,東京品川区
東京品川区広町,東京品川区
東京国際空港,東京国際空港
東京墨田区吾妻橋,東京墨田区
東京墨田区東向島,東京墨田区
東京墨田区横川,東京墨田区
東京大田区多摩川,東京大田区
東京大田区大森東,東京大田区
東京大田区本羽田,東京大田区
東京大田区蒲田,東京大田区
東京府中市寿町,東京府中市
東京府中市朝日町,東京府中市
東京文京区スポーツセンタ,東京文京区
東京文京区大塚,東京文京区
東京文京区本郷,東京文京区
東京新宿区上落合,東京新宿区
東京新宿区歌舞伎町,東京新宿区
東京新宿区百人町,東京新宿区
東京新宿区西新宿,東京新宿区
東京杉並区桃井,東京杉並区
東京杉並区阿佐谷,東京杉並区
東京杉並区高井戸,東京杉並区
東京板橋区板橋,東京板橋区
東京板橋区相生町,東京板橋区
東京板橋区高島平,東京板橋区
東京江戸川区中央,東京江戸川区
東京江戸川区船堀,東京江戸川区
東京江戸川区鹿骨,東京江戸川区
東京江東区亀戸,東京江東区
東京江東区東陽,東京江東区
東京江東区枝川,東京江東区
東京江東区森下,東京江東区
東京江東区越中島,東京江東区
東京江東区青海,東京江東区
東京渋谷区宇田川町,東京渋谷区
東京渋谷区本町,東京渋谷区
東京港区南青山,東京港区
東京港区海岸,東京港区
東京港区白金,東京港区
東京港区芝公園,東京港区
東京目黒区中央町,東京目黒区
東京練馬区光が丘,東京練馬区
東京練馬区東大泉,東京練馬区
東京練馬区豊玉北,東京練馬区
東京荒川区東尾久,東京荒川区
東京荒川区荒川,東京荒川区
東京葛飾区立石,東京葛飾区
東京葛飾区金町,東京葛飾区
東京豊島区南池袋,東京豊島区
東京足立区中央本町,東京足立区
東京足立区伊興,東京足立区
東京足立区千住中居町,東京足立区
東京足立区神明南,東京足立区
東京都多摩東部,東京都多摩東部
東京都多摩西部,東京都多摩西部
東京都２３区,東京都２３区
東伊豆町奈良本,東伊豆町
東伊豆町稲取,東伊豆町
東北町上北南,東北町
東北町塔ノ沢山,東北町
東吉野村小川,東吉野村
東吾妻町原町,東吾妻町
東吾妻町奥田,東吾妻町
東吾妻町本宿,東吾妻町
東員町山田,東員町
東大和市中央,東大和市
東大阪市荒本北,東大阪市
東峰村宝珠山,東峰村
東峰村小石原,東峰村
東川町東町,東川町
東広島市安芸津町,東広島市
東広島市河内町,東広島市
東広島市福富町,東広島市
東広島市西条栄町,東広島市
東広島市豊栄町,東広島市
東広島市黒瀬町,東広島市
東庄町笹川,東庄町
東彼杵町蔵本,東彼杵町
東御市大日向,東御市
東御市県,東御市
東成瀬村椿川,東成瀬村
東成瀬村田子内,東成瀬村
東村山市本町,東村山市
東村山市美住町,東村山市
東村平良,東村
東松山市市ノ川,東松山市
東松山市松葉町,東松山市
東松島市小野,東松島市
東松島市矢本,東松島市
東栄町本郷,東栄町
東根市中央,東根市
東洋町生見,東洋町
東浦町緒川,東浦町
東海市加木屋町,東海市
東海村東海,東海村
東温市南方,東温市
東温市見奈良,東温市
東白川村神土,東白川村
東神楽町南１条,東神楽町
東秩父村御堂,東秩父村
東近江市上二俣町,東近江市
東近江市五個荘小幡町,東近江市
東近江市八日市緑町,東近江市
東近江市君ヶ畑町,東近江市
東近江市妹町,東近江市
東近江市山上町,東近江市
東近江市市子川原町,東近江市
東近江市池庄町,東近江市
東近江市躰光寺町,東近江市
東通村尻屋,東通村
東通村白糠,東通村
東通村砂子又沢内,東通村
東通村砂子又蒲谷地,東通村
東郷町春木,東郷町
東金市日吉台,東金市
東金市東岩崎,東金市
東金市東新宿,東金市
杵築市南杵築,杵築市
杵築市大田,杵築市
杵築市山香町,杵築市
杵築市杵築,杵築市
松伏町松伏,松伏町
松原市阿保,松原市
松山市中島大浦,松山市
松山市北持田町,松山市
松山市北条辻,松山市
松山市富久町,松山市
松島町高城,松島町
松崎町宮内,松崎町
松崎町江奈,松崎町
松川村役場,松川村
松川町元大島,松川町
松戸市根本,松戸市
松戸市西馬橋,松戸市
松本市丸の内,松本市
松本市会田,松本市
松本市奈川,松本市
松本市安曇,松本市
松本市寿,松本市
松本市梓川梓,松本市
松本市沢村,松本市
松本市波田,松本市
松本市美須々,松本市
松江市八束町波入,松江市
松江市八雲町西岩坂,松江市
松江市学園南,松江市
松江市宍道町宍道,松江市
松江市島根町加賀,松江市
松江市東出雲町揖屋,松江市
松江市玉湯町湯町,松江市
松江市美保関総合運動公園,松江市
松江市西津田,松江市
松江市西生馬町,松江市
松江市鹿島町佐陀本郷,松江市
松浦市志佐町,松浦市
松浦市福島町,松浦市
松浦市鷹島町,松浦市
松田町松田惣領,松田町
松茂町広島,松茂町
松野町松丸,松野町
松阪市上川町,松阪市
松阪市嬉野町,松阪市
松阪市曽原町,松阪市
松阪市殿町,松阪市
松阪市飯南町粥見,松阪市
松阪市飯高町宮前,松阪市
松阪市魚町,松阪市
板倉町板倉,板倉町
板柳町板柳,板柳町
板野町大寺,板野町
枕崎市若葉町,枕崎市
枕崎市高見町,枕崎市
枚方市大垣内,枚方市
柏原市安堂町,柏原市
柏崎市日石町,柏崎市
柏崎市西山町池浦,柏崎市
柏崎市高柳町岡野町,柏崎市
柏市大島田,柏市
柏市旭町,柏市
柏市柏,柏市
柳井市南町,柳井市
柳井市大畠,柳井市
柳川市三橋町,柳川市
柳川市大和町,柳川市
柳川市本町,柳川市
柳津町大成沢,柳津町
柳津町柳津,柳津町
柴田町船岡,柴田町
栃木さくら市喜連川,栃木さくら市
栃木さくら市氏家,栃木さくら市
栃木市万町,栃木市
栃木市大平町富田,栃木市
栃木市岩舟町静,栃木市
栃木市旭町,栃木市
栃木市藤岡町藤岡,栃木市
栃木市西方町本城,栃木市
栃木市都賀町家中,栃木市
栃木県北部,栃木県北部
栃木県南部,栃木県南部
栃木那珂川町小川,栃木那珂川町
栃木那珂川町馬頭,栃木那珂川町
栄村北信,栄村
栄村小赤沢,栄村
栄町安食台,栄町
栗原市一迫,栗原市
栗原市志波姫,栗原市
栗原市栗駒,栗原市
栗原市瀬峰,栗原市
栗原市築館,栗原市
栗原市花山,栗原市
栗原市若柳,栗原市
栗原市金成,栗原市
栗原市高清水,栗原市
栗原市鶯沢,栗原市
栗山町松風,栗山町
栗東市安養寺,栗東市
根室地方中部,根室地方中部
根室地方北部,根室地方北部
根室地方南部,根室地方南部
根室市厚床,根室市
根室市弥栄,根室市
根室市牧の内,根室市
根室市珸瑤瑁,根室市
根室市落石東,根室市
根室市豊里,根室市
根羽村役場,根羽村
桂川町土居,桂川町
桐生市元宿町,桐生市
桐生市新里町,桐生市
桐生市錦町,桐生市
桐生市黒保根町,桐生市
桑名市中央町,桑名市
桑名市多度町多度,桑名市
桑名市長島町松ケ島,桑名市
桑折町谷地,桑折町
桜井市初瀬,桜井市
桜井市粟殿,桜井市
桜川市岩瀬,桜川市
桜川市真壁,桜川市
桜川市羽田,桜川市
桶川市泉,桶川市
梼原町広野,梼原町
梼原町梼原,梼原町
棚倉町棚倉中居野,棚倉町
棚倉町棚倉舘ヶ丘,棚倉町
椎葉村下福良,椎葉村
椎葉村総合運動公園,椎葉村
楢葉町北田,楢葉町
榛東村新井,榛東村
様似町栄町,様似町
標津町北２条,標津町
標津町古多糠,標津町
標津町薫別,標津町
標茶町塘路,標茶町
標茶町川上,標茶町
横手市中央町,横手市
横手市十文字町,横手市
横手市増田町増田,横手市
横手市大森町,横手市
横手市大雄,横手市
横手市安田柳堤地内,横手市
横手市山内土渕,横手市
横手市平鹿町浅舞,横手市
横手市雄物川町今宿,横手市
横浜中区山下町,横浜中区
横浜中区山吹町,横浜中区
横浜中区山手町,横浜中区
横浜中区日本大通,横浜中区
横浜保土ケ谷区上菅田町,横浜保土ケ谷区
横浜保土ケ谷区神戸町,横浜保土ケ谷区
横浜南区六ツ川,横浜南区
横浜南区大岡,横浜南区
横浜戸塚区平戸町,横浜戸塚区
横浜戸塚区戸塚町,横浜戸塚区
横浜戸塚区鳥が丘,横浜戸塚区
横浜旭区上白根町,横浜旭区
横浜旭区今宿東町,横浜旭区
横浜旭区大池町,横浜旭区
横浜旭区川井宿町,横浜旭区
横浜栄区小菅ケ谷,横浜栄区
横浜栄区桂台南,横浜栄区
横浜泉区和泉中央北,横浜泉区
横浜泉区岡津町,横浜泉区
横浜港北区大倉山,横浜港北区
横浜港北区日吉本町,横浜港北区
横浜港北区綱島西,横浜港北区
横浜港南区丸山台北部,横浜港南区
横浜港南区野庭町,横浜港南区
横浜瀬谷区三ツ境,横浜瀬谷区
横浜瀬谷区中屋敷,横浜瀬谷区
横浜町寺下,横浜町
横浜町林ノ脇,横浜町
横浜磯子区洋光台,横浜磯子区
横浜磯子区磯子,横浜磯子区
横浜神奈川区広台太田町,横浜神奈川区
横浜神奈川区神大寺,横浜神奈川区
横浜緑区十日市場町,横浜緑区
横浜緑区鴨居,横浜緑区
横浜西区みなとみらい,横浜西区
横浜西区浜松町,横浜西区
横浜都筑区池辺町,横浜都筑区
横浜都筑区茅ケ崎,横浜都筑区
横浜金沢区寺前,横浜金沢区
横浜金沢区白帆,横浜金沢区
横浜金沢区釜利谷南,横浜金沢区
横浜青葉区美しが丘,横浜青葉区
横浜青葉区鴨志田町,横浜青葉区
横浜鶴見区末広町,横浜鶴見区
横浜鶴見区馬場,横浜鶴見区
横浜鶴見区鶴見,横浜鶴見区
横瀬町横瀬,横瀬町
横芝光町宮川,横芝光町
横芝光町栗山,横芝光町
横須賀市光の丘,横須賀市
横須賀市坂本町,横須賀市
橋本市東家,橋本市
橋本市高野口町名倉,橋本市
橿原市八木町,橿原市
檜原村役場,檜原村
檜原村本宿,檜原村
檜山地方,檜山地方
檜山江差町中歌町,檜山江差町
檜山江差町姥神,檜山江差町
檜枝岐村上河原,檜枝岐村
檜枝岐村下ノ原,檜枝岐村
歌志内市本町,歌志内市
武蔵村山市本町,武蔵村山市
武蔵野市吉祥寺東町,武蔵野市
武蔵野市緑町,武蔵野市
武豊町長尾山,武豊町
武雄市北方,武雄市
武雄市山内,武雄市
武雄市武雄町昭和,武雄市
武雄市武雄町武雄,武雄市
比布町北町,比布町
毛呂山町中央,毛呂山町
気仙沼市唐桑町,気仙沼市
気仙沼市本吉町津谷,気仙沼市
気仙沼市本吉町西川内,気仙沼市
気仙沼市笹が陣,気仙沼市
気仙沼市赤岩,気仙沼市
水上村岩野,水上村
水俣市牧ノ内,水俣市
水俣市陣内,水俣市
水巻町頃末,水巻町
水戸市内原町,水戸市
水戸市千波町,水戸市
水戸市栗崎町,水戸市
水戸市金町,水戸市
氷川町宮原,氷川町
氷川町島地,氷川町
氷見市加納,氷見市
永平寺町山王,永平寺町
永平寺町東古市,永平寺町
永平寺町松岡春日,永平寺町
江別市緑町,江別市
江別市高砂町,江別市
江北町山口,江北町
江府町上之段広場,江府町
江府町江尾,江府町
江津市桜江町川戸,江津市
江津市江津町,江津市
江田島市大柿町,江田島市
江田島市江田島町,江田島市
江田島市沖美町,江田島市
江田島市能美町,江田島市
池田市城南,池田市
沖縄市美里,沖縄市
沖縄県与那国島,沖縄県与那国島
沖縄県久米島,沖縄県久米島
沖縄県大東島,沖縄県大東島
沖縄県宮古島,沖縄県宮古島
沖縄県本島中南部,沖縄県本島中南部
沖縄県本島北部,沖縄県本島北部
沖縄県石垣島,沖縄県石垣島
沖縄県西表島,沖縄県西表島
河内町源清田,河内町
河内長野市原町,河内長野市
河内長野市清見台,河内長野市
河北町吉田,河北町
河北町役場,河北町
河南町白木,河南町
河合町池部,河合町
河津町田中,河津町
沼津市原,沼津市
沼津市御幸町,沼津市
沼津市戸田,沼津市
沼津市西間門,沼津市
沼津市高島本町,沼津市
沼田市下久屋町,沼田市
沼田市利根町,沼田市
沼田市尾瀬高等学校,沼田市
沼田市白沢町,沼田市
沼田市西倉内町,沼田市
沼田町沼田,沼田町
泉佐野市りんくう往来,泉佐野市
泉佐野市市場,泉佐野市
泉南市信達市場,泉南市
泉南市男里,泉南市
泉大津市東雲町,泉大津市
泉崎村泉崎,泉崎村
泊村茅沼村,泊村
波佐見町宿,波佐見町
泰阜村役場,泰阜村
泰阜村梨久保,泰阜村
洞爺湖町栄町,洞爺湖町
洞爺湖町洞爺町,洞爺湖町
津久見市宮本町,津久見市
津久見市立花町,津久見市
津別町幸町,津別町
津南町下船渡,津南町
津和野町後田,津和野町
津和野町枕瀬,津和野町
津奈木町小津奈木,津奈木町
津山市中北下,津山市
津山市加茂町,津山市
津山市小中原,津山市
津山市山北,津山市
津山市新野東,津山市
津山市林田,津山市
津山市阿波,津山市
津市一志町田尻,津市
津市久居明神町,津市
津市安濃町東観音寺,津市
津市島崎町,津市
津市河芸町浜田,津市
津市片田薬王寺町,津市
津市白山町川口,津市
津市美杉町八知,津市
津市美里町三郷,津市
津市芸濃町椋本,津市
津市西丸之内,津市
津市香良洲町,津市
津幡町加賀爪,津幡町
洲本市五色町都志,洲本市
洲本市山手,洲本市
洲本市物部,洲本市
流山市平和台,流山市
浅口市天草公園,浅口市
浅口市寄島町,浅口市
浅口市金光町,浅口市
浅口市鴨方町,浅口市
浅川町浅川,浅川町
浜中町湯沸,浜中町
浜中町茶内,浜中町
浜松中央区三組町,浜松中央区
浜松中央区元城町,浜松中央区
浜松中央区江之島町,浜松中央区
浜松中央区流通元町,浜松中央区
浜松中央区舞阪町,浜松中央区
浜松中央区雄踏,浜松中央区
浜松中央区高丘東,浜松中央区
浜松天竜区二俣町鹿島,浜松天竜区
浜松天竜区佐久間町,浜松天竜区
浜松天竜区春野町,浜松天竜区
浜松天竜区水窪町,浜松天竜区
浜松天竜区龍山町,浜松天竜区
浜松浜名区三ヶ日町,浜松浜名区
浜松浜名区滝沢町,浜松浜名区
浜松浜名区細江町,浜松浜名区
浜松浜名区西美薗,浜松浜名区
浜田市三隅町三隅,浜田市
浜田市大辻町,浜田市
浜田市弥栄町長安本郷,浜田市
浜田市旭町今市,浜田市
浜田市殿町,浜田市
浜田市野原町,浜田市
浜田市金城町下来原,浜田市
浜頓別町クッチャロ,浜頓別町
浦安市日の出,浦安市
浦安市猫実,浦安市
浦幌町桜町,浦幌町
浦河町潮見,浦河町
浦河町築地,浦河町
浦河町野深,浦河町
浦添市安波茶,浦添市
浦臼町ウラウスナイ,浦臼町
浪江町幾世橋,浪江町
海南市下津,海南市
海南市南赤坂,海南市
海士町海士,海士町
海津市南濃町,海津市
海津市平田町,海津市
海津市海津町,海津市
海田町役場,海田町
海老名市大谷,海老名市
海陽町大里,海陽町
海陽町奥浦,海陽町
海陽町宍喰浦,海陽町
涌谷町新町裏,涌谷町
淡路市久留麻,淡路市
淡路市富島,淡路市
淡路市岩屋,淡路市
淡路市志筑,淡路市
淡路市郡家,淡路市
淡路市長澤,淡路市
深川市１条,深川市
深浦町岩崎,深浦町
深浦町深浦中沢,深浦町
深浦町深浦岡町,深浦町
深浦町長慶平,深浦町
深谷市仲町,深谷市
深谷市普済寺,深谷市
深谷市花園,深谷市
深谷市菅沼,深谷市
添田町添田,添田町
清川村煤ヶ谷,清川村
清瀬市中清戸,清瀬市
清瀬市中里,清瀬市
清里町羽衣町,清里町
清須市春日振形,清須市
清須市清洲,清須市
清須市西枇杷島町住吉,清須市
清須市須ケ口,清須市
渋川市伊香保町,渋川市
渋川市北橘町,渋川市
渋川市吹屋,渋川市
渋川市有馬,渋川市
渋川市村上,渋川市
渋川市石原,渋川市
渋川市赤城町,渋川市
渡名喜村渡名喜,渡名喜村
渡嘉敷村渡嘉敷,渡嘉敷村
渡島北斗市中央,渡島北斗市
渡島北斗市本町,渡島北斗市
渡島地方北部,渡島地方北部
渡島地方東部,渡島地方東部
渡島地方西部,渡島地方西部
渡島松前町清部,渡島松前町
渡島松前町福山,渡島松前町
渡島森町上台町,渡島森町
渡島森町御幸町,渡島森町
渡島森町砂原,渡島森町
湖南市中央東庁舎,湖南市
湖南市中央森北公園,湖南市
湖南市石部中央西庁舎,湖南市
湖西市吉美,湖西市
湖西市新居町浜名,湖西市
湧別町上湧別,湧別町
湧別町栄町,湧別町
湧水町吉松,湧水町
湧水町栗野,湧水町
湯前町役場,湯前町
湯川村清水田,湯川村
湯梨浜町久留,湯梨浜町
湯梨浜町泊,湯梨浜町
湯梨浜町龍島,湯梨浜町
湯沢市佐竹町,湯沢市
湯沢市寺沢,湯沢市
湯沢市川連町,湯沢市
湯沢市横堀,湯沢市
湯沢市沖鶴,湯沢市
湯沢市皆瀬,湯沢市
湯沢町神立,湯沢町
湯河原町中央,湯河原町
湯浅町青木,湯浅町
滋賀日野町河原,滋賀日野町
滋賀県北部,滋賀県北部
滋賀県南部,滋賀県南部
滑川市寺家町,滑川市
滑川町福田,滑川町
滝上町旭町,滝上町
滝川市大町,滝川市
滝川市新町,滝川市
滝沢市鵜飼,滝沢市
潟上市天王,潟上市
潟上市昭和大久保,潟上市
潟上市飯田川下虻川,潟上市
潮来市堀之内,潮来市
潮来市辻,潮来市
瀬戸内市牛窓町,瀬戸内市
瀬戸内市邑久町,瀬戸内市
瀬戸内市長船町,瀬戸内市
瀬戸内町与路島,瀬戸内町
瀬戸内町加計呂麻島,瀬戸内町
瀬戸内町古仁屋,瀬戸内町
瀬戸内町西古見,瀬戸内町
瀬戸内町請島,瀬戸内町
瀬戸市追分町,瀬戸市
焼津市宗高,焼津市
焼津市石津,焼津市
熊取町野田,熊取町
熊本中央区大江,熊本中央区
熊本北区植木町,熊本北区
熊本南区城南町,熊本南区
熊本南区富合町,熊本南区
熊本小国町宮原,熊本小国町
熊本東区佐土原,熊本東区
熊本県天草・芦北,熊本県天草・芦北
熊本県熊本,熊本県熊本
熊本県球磨,熊本県球磨
熊本県阿蘇,熊本県阿蘇
熊本美里町永富,熊本美里町
熊本美里町馬場,熊本美里町
熊本西区春日,熊本西区
熊本高森町高森,熊本高森町
熊谷市大里,熊谷市
熊谷市妻沼,熊谷市
熊谷市宮町,熊谷市
熊谷市桜町,熊谷市
熊谷市江南,熊谷市
熊野市井戸町,熊野市
熊野市有馬町,熊野市
熊野市紀和町板屋,熊野市
熊野町役場,熊野町
熱海市中央町,熱海市
熱海市泉,熱海市
熱海市網代,熱海市
燕市分水桜町,燕市
燕市吉田西太田,燕市
燕市秋葉町,燕市
片品村鎌田,片品村
牛久市中央,牛久市
牟岐町中村,牟岐町
牧之原市静波,牧之原市
牧之原市鬼女新田,牧之原市
犬山市五郎丸,犬山市
狛江市和泉本町,狛江市
狭山市入間川,狭山市
猪名川町紫合,猪名川町
猪苗代町下園,猪苗代町
猪苗代町城南,猪苗代町
猿払村浅茅野,猿払村
猿払村浜鬼志別,猿払村
玄海町諸浦,玄海町
玉名市中尾,玉名市
玉名市天水町,玉名市
玉名市岱明町,玉名市
玉名市横島町,玉名市
玉名市築地,玉名市
玉城町田丸,玉城町
玉川村小高,玉川村
玉村町下新田,玉村町
玉東町木葉,玉東町
玉野市田井,玉野市
王寺町王寺,王寺町
王滝村役場,王滝村
王滝村鈴ヶ沢,王滝村
玖珠町帆足,玖珠町
珠洲市三崎町,珠洲市
珠洲市大谷町,珠洲市
珠洲市正院町,珠洲市
球磨村渡,球磨村
琴平町榎井,琴平町
琴浦町徳万,琴浦町
琴浦町赤碕,琴浦町
琴浦町赤碕中学校,琴浦町
瑞浪市上平町,瑞浪市
瑞穂市別府,瑞穂市
瑞穂市宮田,瑞穂市
瑞穂町箱根ヶ崎,瑞穂町
甘楽町小幡,甘楽町
生坂村役場,生坂村
生駒市東新町,生駒市
産山村山鹿,産山村
田上町原ケ崎新田,田上町
田原市古田町,田原市
田原市田原町,田原市
田原市石神町,田原市
田原市福江町,田原市
田原市赤羽根町,田原市
田原本町役場,田原本町
田子町田子,田子町
田尻町嘉祥寺,田尻町
田川市中央町,田川市
田布施町下田布施,田布施町
田村市大越町,田村市
田村市常葉町,田村市
田村市滝根町,田村市
田村市船引町,田村市
田村市都路町,田村市
田舎館村田舎館,田舎館村
田辺市中辺路町栗栖川,田辺市
田辺市中辺路町近露,田辺市
田辺市本宮町本宮,田辺市
田辺市東山,田辺市
田辺市鮎川,田辺市
田辺市龍神村西,田辺市
田野町役場,田野町
田野畑村役場,田野畑村
田野畑村田野畑,田野畑村
由仁町新光,由仁町
由利本荘市前郷,由利本荘市
由利本荘市岩城内道川,由利本荘市
由利本荘市岩谷町,由利本荘市
由利本荘市東由利老方,由利本荘市
由利本荘市桜小路,由利本荘市
由利本荘市矢島町矢島町,由利本荘市
由利本荘市石脇,由利本荘市
由利本荘市西目町沼田,由利本荘市
由利本荘市鳥海町伏見,由利本荘市
由布市庄内町,由布市
由布市挾間町,由布市
由布市湯布院町川上,由布市
由良町里,由良町
甲佐町豊内,甲佐町
甲州市勝沼町勝沼,甲州市
甲州市塩山上於曽,甲州市
甲州市塩山下於曽,甲州市
甲州市大和町初鹿野,甲州市
甲州市役所,甲州市
甲府市下曽根町,甲府市
甲府市古関町,甲府市
甲府市相生,甲府市
甲府市飯田,甲府市
甲斐市下今井,甲斐市
甲斐市島上条,甲斐市
甲斐市篠原,甲斐市
甲良町在士,甲良町
甲賀市信楽町,甲賀市
甲賀市土山町,甲賀市
甲賀市水口町,甲賀市
甲賀市甲南町,甲賀市
甲賀市甲賀町大久保,甲賀市
甲賀市甲賀町相模,甲賀市
男鹿市男鹿中,男鹿市
男鹿市船川,男鹿市
男鹿市角間崎,男鹿市
町田市忠生,町田市
町田市本町田,町田市
町田市森野,町田市
留寿都村留寿都,留寿都村
留萌地方中北部,留萌地方中北部
留萌地方南部,留萌地方南部
留萌市大町,留萌市
留萌市幸町,留萌市
登別市桜木町,登別市
登別市鉱山,登別市
登米市中田町,登米市
登米市南方町,登米市
登米市東和町,登米市
登米市津山町,登米市
登米市登米町,登米市
登米市石越町,登米市
登米市米山町,登米市
登米市豊里町,登米市
登米市迫町,登米市
白井市復,白井市
白子町関,白子町
白山市倉光,白山市
白山市別宮町,白山市
白山市女原,白山市
白山市市原,白山市
白山市河内町口直海,白山市
白山市白峰,白山市
白山市美川浜町,白山市
白山市鶴来本町,白山市
白岡市千駄野,白岡市
白川村鳩谷,白川村
白川町河岐,白川町
白川町黒川,白川町
白河市八幡小路,白河市
白河市大信,白河市
白河市新白河,白河市
白河市東,白河市
白河市表郷,白河市
白河市郭内,白河市
白浜町日置,白浜町
白浜町消防本部,白浜町
白石市亘理町,白石市
白石町有明,白石町
白石町福富,白石町
白石町福田,白石町
白糠町西１条,白糠町
白老町竹浦,白老町
白老町緑丘,白老町
白馬村北城,白馬村
白鷹町荒砥,白鷹町
白鷹町黒鴨,白鷹町
皆野町皆野,皆野町
益城町宮園,益城町
益子町益子,益子町
益田市匹見町匹見,益田市
益田市匹見町石谷,益田市
益田市常盤町,益田市
益田市水分町,益田市
益田市美都町都茂,益田市
盛岡市山王町,盛岡市
盛岡市渋民,盛岡市
盛岡市薮川,盛岡市
盛岡市馬場町,盛岡市
直島町役場,直島町
直方市新町,直方市
相模原中央区中央,相模原中央区
相模原南区磯部,相模原南区
相模原緑区与瀬,相模原緑区
相模原緑区中野,相模原緑区
相模原緑区久保沢,相模原緑区
相模原緑区大島,相模原緑区
相模原緑区小渕,相模原緑区
相模原緑区若柳,相模原緑区
相生市旭,相生市
相良村深水,相良村
相馬市中村,相馬市
真室川町新町,真室川町
真岡市田町,真岡市
真岡市石島,真岡市
真岡市荒町,真岡市
真庭市下呰部,真庭市
真庭市下方,真庭市
真庭市久世,真庭市
真庭市勝山,真庭市
真庭市禾津,真庭市
真庭市美甘,真庭市
真庭市落合垂水,真庭市
真庭市蒜山上福田,真庭市
真庭市蒜山下和,真庭市
真庭市蒜山下福田,真庭市
真庭市豊栄,真庭市
真狩村真狩,真狩村
真鶴町岩,真鶴町
睦沢町下之郷,睦沢町
矢吹町一本木,矢吹町
矢巾町南矢幅,矢巾町
矢掛町矢掛,矢掛町
矢板市本町,矢板市
矢祭町戸塚,矢祭町
矢祭町東舘,矢祭町
知内町小谷石,知内町
知内町重内,知内町
知名町瀬利覚,知名町
知名町知名,知名町
知多市緑町,知多市
知夫村役場,知夫村
知立市弘法,知立市
石井町高川原,石井町
石垣市伊原間,石垣市
石垣市平久保,石垣市
石垣市新川,石垣市
石垣市新栄町,石垣市
石垣市登野城,石垣市
石垣市真栄里,石垣市
石岡市八郷,石岡市
石岡市柿岡,石岡市
石岡市石岡,石岡市
石岡市若宮,石岡市
石川町長久保,石川町
石川県加賀,石川県加賀
石川県能登,石川県能登
石巻市前谷地,石巻市
石巻市北上町,石巻市
石巻市大瓜,石巻市
石巻市大街道南,石巻市
石巻市桃生町,石巻市
石巻市泉町,石巻市
石巻市相野谷,石巻市
石巻市雄勝町,石巻市
石巻市鮎川浜,石巻市
石狩地方中部,石狩地方中部
石狩地方北部,石狩地方北部
石狩地方南部,石狩地方南部
石狩市厚田,石狩市
石狩市浜益,石狩市
石狩市聚富,石狩市
石狩市花川,石狩市
石狩市花畔,石狩市
砂川市西７条,砂川市
砥部町宮内,砥部町
砥部町総津,砥部町
砺波市庄川町,砺波市
砺波市栄町,砺波市
碧南市松本町,碧南市
磐梯町磐梯,磐梯町
磐田市下野部,磐田市
磐田市国府台,磐田市
磐田市岡,磐田市
磐田市福田,磐田市
磐田市見付,磐田市
礼文町上泊埼,礼文町
礼文町船泊,礼文町
礼文町香深,礼文町
神埼市千代田,神埼市
神埼市神埼,神埼市
神埼市脊振,神埼市
神奈川大井町金子,神奈川大井町
神奈川県東部,神奈川県東部
神奈川県西部,神奈川県西部
神山町神領,神山町
神崎町神崎本宿,神崎町
神恵内村神恵内,神恵内村
神戸中央区脇浜,神戸中央区
神戸兵庫区上沢通,神戸兵庫区
神戸兵庫区烏原町,神戸兵庫区
神戸北区南五葉,神戸北区
神戸北区藤原台南町,神戸北区
神戸垂水区王居殿,神戸垂水区
神戸東灘区住吉東町,神戸東灘区
神戸灘区八幡町,神戸灘区
神戸町神戸,神戸町
神戸西区竹の台,神戸西区
神戸長田区神楽町,神戸長田区
神戸須磨区若草町,神戸須磨区
神栖市波崎,神栖市
神栖市溝口,神栖市
神津島,神津島
神津島村役場,神津島村
神津島村金長,神津島村
神流町生利,神流町
神流町神ヶ原,神流町
神石高原町下豊松,神石高原町
神石高原町小畠,神石高原町
神石高原町油木,神石高原町
神石高原町高光,神石高原町
福井おおい町名田庄久坂,福井おおい町
福井おおい町本郷,福井おおい町
福井坂井市三国町中央,福井坂井市
福井坂井市三国町陣ケ岡,福井坂井市
福井坂井市丸岡町西里丸岡,福井坂井市
福井坂井市坂井町下新庄,福井坂井市
福井坂井市春江町随応寺,福井坂井市
福井市原目町,福井市
福井市小羽町,福井市
福井市美山町,福井市
福井市茱崎町,福井市
福井市蒲生町,福井市
福井市豊島,福井市
福井池田町稲荷,福井池田町
福井県嶺北,福井県嶺北
福井県嶺南,福井県嶺南
福井美浜町新庄,福井美浜町
福井美浜町郷市,福井美浜町
福井若狭町中央,福井若狭町
福井若狭町市場,福井若狭町
福山市内海町,福山市
福山市新市町,福山市
福山市東桜町,福山市
福山市松永町,福山市
福山市沼隈町,福山市
福山市神辺町,福山市
福山市鞆町,福山市
福山市駅家町,福山市
福岡中央区大濠,福岡中央区
福岡中央区天神,福岡中央区
福岡中央区舞鶴,福岡中央区
福岡南区塩原,福岡南区
福岡博多区博多駅前,福岡博多区
福岡古賀市駅東,福岡古賀市
福岡城南区神松寺,福岡城南区
福岡川崎町田原,福岡川崎町
福岡広川町新代,福岡広川町
福岡早良区板屋,福岡早良区
福岡早良区百道浜,福岡早良区
福岡東区千早,福岡東区
福岡県北九州,福岡県北九州
福岡県福岡,福岡県福岡
福岡県筑後,福岡県筑後
福岡県筑豊,福岡県筑豊
福岡空港,福岡空港
福岡西区今宿,福岡西区
福島伊達市保原町,福島伊達市
福島伊達市前川原,福島伊達市
福島伊達市月舘町,福島伊達市
福島伊達市梁川町,福島伊達市
福島伊達市霊山町,福島伊達市
福島市五老内町,福島市
福島市桜木町,福島市
福島市花園町,福島市
福島市飯野町,福島市
福島広野町下北迫大谷地原,福島広野町
福島広野町下北迫苗代替,福島広野町
福島昭和村下中津川,福島昭和村
福島町福島,福島町
福島県中通り,福島県中通り
福島県会津,福島県会津
福島県浜通り,福島県浜通り
福島金山町川口,福島金山町
福崎町南田原,福崎町
福智町上野,福智町
福智町弁城,福智町
福智町赤池,福智町
福智町金田,福智町
福津市中央,福津市
福津市手光,福津市
福津市津屋崎,福津市
福生市福生,福生市
福知山市三和町千束,福知山市
福知山市内記,福知山市
福知山市夜久野町額田,福知山市
福知山市大江町河守,福知山市
福知山市長田野町,福知山市
秋田市八橋運動公園,秋田市
秋田市山王,秋田市
秋田市河辺和田,秋田市
秋田市雄和女米木,秋田市
秋田市雄和新波,秋田市
秋田県内陸北部,秋田県内陸北部
秋田県内陸南部,秋田県内陸南部
秋田県沿岸北部,秋田県沿岸北部
秋田県沿岸南部,秋田県沿岸南部
秋田美郷町六郷東根,秋田美郷町
秋田美郷町土崎,秋田美郷町
秦野市平沢,秦野市
秦野市曽屋,秦野市
秩父別町役場,秩父別町
秩父市上町,秩父市
秩父市中津川,秩父市
秩父市吉田,秩父市
秩父市大滝,秩父市
秩父市熊木町,秩父市
秩父市荒川,秩父市
秩父市近戸町,秩父市
稚内市中央,稚内市
稚内市宗谷岬,稚内市
稚内市恵北,稚内市
稚内市沼川,稚内市
稚内市開運,稚内市
稲城市東長沼,稲城市
稲敷市伊佐津,稲敷市
稲敷市役所,稲敷市
稲敷市江戸崎甲,稲敷市
稲敷市結佐,稲敷市
稲敷市須賀津,稲敷市
稲沢市平和町,稲沢市
稲沢市祖父江町,稲沢市
稲沢市稲府町,稲沢市
積丹町余別町,積丹町
積丹町日司町,積丹町
積丹町美国町,積丹町
穴水町大町,穴水町
空知地方中部,空知地方中部
空知地方北部,空知地方北部
空知地方南部,空知地方南部
立山町吉峰,立山町
立山町米沢,立山町
立山町芦峅寺,立山町
立川市泉町,立川市
立科町芦田,立科町
竜王町小口,竜王町
竹原市中央,竹原市
竹富町上原小学校,竹富町
竹富町上原青年会館,竹富町
竹富町大原,竹富町
竹富町波照間,竹富町
竹富町黒島,竹富町
竹田市久住町,竹田市
竹田市会々,竹田市
竹田市直入小学校,竹田市
竹田市直入町,竹田市
竹田市竹田小学校,竹田市
竹田市荻町,竹田市
笛吹市一宮町末木,笛吹市
笛吹市八代町南,笛吹市
笛吹市境川町藤垈,笛吹市
笛吹市役所,笛吹市
笛吹市御坂町夏目原,笛吹市
笛吹市春日居町寺本,笛吹市
笛吹市芦川町中芦川,笛吹市
笠岡市殿川,笠岡市
笠岡市笠岡,笠岡市
笠松町司町,笠松町
笠置町笠置,笠置町
笠間市下郷,笠間市
笠間市中央,笠間市
笠間市石井,笠間市
笠間市笠間,笠間市
筑前町下高場,筑前町
筑前町新町,筑前町
筑前町篠隈,筑前町
筑北村坂井,筑北村
筑北村坂北,筑北村
筑北村西条,筑北村
筑後市山ノ井,筑後市
筑紫野市石崎,筑紫野市
筑西市二木成,筑西市
筑西市海老ヶ島,筑西市
筑西市舟生,筑西市
筑西市門井,筑西市
箕輪町中箕輪,箕輪町
箕面市箕面,箕面市
箕面市粟生外院,箕面市
箱根町湯本,箱根町
築上町椎田,築上町
篠栗町中央,篠栗町
米原市春照,米原市
米原市米原,米原市
米原市長岡,米原市
米原市顔戸,米原市
米子市博労町,米子市
米子市東町,米子市
米子市淀江町,米子市
米沢市アルカディア,米沢市
米沢市林泉寺,米沢市
米沢市金池,米沢市
米沢市駅前,米沢市
粕屋町仲原,粕屋町
粟国村役場,粟国村
粟国村浜,粟国村
粟島浦村日ノ見山,粟島浦村
粟島浦村笹畑,粟島浦村
精華町南稲八妻,精華町
糸島市二丈深江,糸島市
糸島市前原東,糸島市
糸島市志摩初,糸島市
糸満市潮崎町,糸満市
糸田町役場,糸田町
糸魚川市一の宮,糸魚川市
糸魚川市大野,糸魚川市
糸魚川市能生,糸魚川市
糸魚川市青海,糸魚川市
紀の川市桃山町元,紀の川市
紀の川市粉河,紀の川市
紀の川市西大井,紀の川市
紀の川市貴志川町神戸,紀の川市
紀の川市那賀総合センター,紀の川市
紀宝町神内,紀宝町
紀宝町鵜殿,紀宝町
紀美野町下佐々,紀美野町
紀美野町神野市場,紀美野町
紋別地方,紋別地方
紋別市北浜町,紋別市
紋別市南が丘町,紋別市
紫波町紫波中央駅前,紫波町
結城市中央町,結城市
網走地方,網走地方
網走市北２条,網走市
網走市台町,網走市
綾川町山田下,綾川町
綾川町滝宮,綾川町
綾瀬市深谷中,綾瀬市
綾町南俣健康センター,綾町
綾町役場,綾町
綾部市若竹町,綾部市
総社市地頭片山,総社市
総社市小寺,総社市
総社市清音軽部,総社市
置戸町拓殖,置戸町
羅臼町岬町,羅臼町
羅臼町春日,羅臼町
羅臼町緑町,羅臼町
美作市古町,美作市
美作市太田,美作市
美作市尾谷,美作市
美作市栄町,美作市
美作市江見,美作市
美作市真加部,美作市
美作市福本,美作市
美唄市西３条,美唄市
美唄市西５条,美唄市
美幌町東３条,美幌町
美波町奥河内,美波町
美波町西の地,美波町
美浦村受領,美浦村
美深町仁宇布,美深町
美深町西町,美深町
美濃加茂市太田町,美濃加茂市
美濃加茂市西町,美濃加茂市
美濃市役所,美濃市
美瑛町忠別,美瑛町
美瑛町本町,美瑛町
美祢市大嶺町,美祢市
美祢市秋芳町秋吉,美祢市
美祢市美東町大田,美祢市
美馬市木屋平,美馬市
美馬市穴吹ふれスポ公園,美馬市
美馬市穴吹町,美馬市
美馬市美馬町,美馬市
美馬市脇町,美馬市
群馬上野村川和,群馬上野村
群馬南牧村大日向,群馬南牧村
群馬明和町新里,群馬明和町
群馬昭和村糸井,群馬昭和村
群馬県北部,群馬県北部
群馬県南部,群馬県南部
群馬高山村中山,群馬高山村
羽咋市旭町,羽咋市
羽咋市柳田町,羽咋市
羽島市竹鼻町,羽島市
羽幌町南町,羽幌町
羽幌町南３条,羽幌町
羽幌町焼尻,羽幌町
羽後町西馬音内,羽後町
羽曳野市誉田,羽曳野市
羽村市緑ヶ丘,羽村市
羽生市東,羽生市
習志野市鷺沼,習志野市
聖籠町諏訪山,聖籠町
肝付町北方,肝付町
肝付町新富,肝付町
胆振伊達市大滝区本町,胆振伊達市
胆振伊達市末永町,胆振伊達市
胆振伊達市梅本,胆振伊達市
胆振地方中東部,胆振地方中東部
胆振地方西部,胆振地方西部
胎内市大川町,胎内市
胎内市新和町,胎内市
胎内市黒川,胎内市
能代市上町,能代市
能代市二ツ井町上台,能代市
能代市常盤山谷,能代市
能代市緑町,能代市
能代市追分町,能代市
能勢町宿野,能勢町
能勢町森上,能勢町
能登町宇出津,能登町
能登町松波,能登町
能登町柳田,能登町
能美市中町,能美市
能美市寺井町,能美市
能美市来丸町,能美市
臼杵市乙見,臼杵市
臼杵市臼杵,臼杵市
臼杵市野津町,臼杵市
興部町興部,興部町
舞鶴市下福井,舞鶴市
舞鶴市北吸,舞鶴市
舞鶴市浜,舞鶴市
舟形町舟形,舟形町
舟橋村仏生寺,舟橋村
船橋市湊町,船橋市
色麻町四竈,色麻町
芝山町小池,芝山町
芦別市北２条,芦別市
芦別市旭町,芦別市
芦北町田浦町,芦北町
芦北町芦北,芦北町
芦屋市精道町,芦屋市
芦屋町幸町,芦屋町
花巻市大迫町,花巻市
花巻市大迫総合支所,花巻市
花巻市材木町,花巻市
花巻市東和町,花巻市
花巻市石鳥谷町,花巻市
芳賀町祖母井,芳賀町
芸西村和食,芸西村
芽室町東２条,芽室町
苅田町京町,苅田町
苅田町若久,苅田町
苓北町志岐,苓北町
苫前町旭,苫前町
苫小牧市旭町,苫小牧市
苫小牧市末広町,苫小牧市
茂原市道表,茂原市
茂木町北高岡天矢場,茂木町
茂木町茂木,茂木町
茅ヶ崎市茅ヶ崎,茅ヶ崎市
茅野市葛井公園,茅野市
茨城古河市下大野,茨城古河市
茨城古河市仁連,茨城古河市
茨城古河市長谷町,茨城古河市
茨城町小堤,茨城町
茨城県北部,茨城県北部
茨城県南部,茨城県南部
茨城鹿嶋市宮中,茨城鹿嶋市
茨城鹿嶋市鉢形,茨城鹿嶋市
茨木市東中条町,茨木市
草加市中央,草加市
草津市草津,草津市
草津町草津,草津町
荒尾市宮内出目,荒尾市
菊池市七城町,菊池市
菊池市旭志,菊池市
菊池市泗水町,菊池市
菊池市隈府,菊池市
菊陽町久保田,菊陽町
菰野町潤田,菰野町
萩市下田万,萩市
萩市吉部,萩市
萩市土原,萩市
萩市川上,萩市
萩市明木,萩市
萩市江向,萩市
萩市福井,萩市
萩市見島宇津,萩市
萩市見島本村,萩市
萩市須佐,萩市
葉山町堀内,葉山町
葛城市柿本,葛城市
葛尾村落合落合,葛尾村
葛巻町役場,葛巻町
葛巻町消防分署,葛巻町
葛巻町葛巻元木,葛巻町
蒲郡市御幸町,蒲郡市
蒲郡市水竹町,蒲郡市
蓬田村蓬田,蓬田村
蓮田市黒浜,蓮田市
蔵王町円田,蔵王町
蕨市中央,蕨市
薩摩川内市上甑町,薩摩川内市
薩摩川内市下甑町手打,薩摩川内市
薩摩川内市下甑町青瀬,薩摩川内市
薩摩川内市中郷,薩摩川内市
薩摩川内市入来町,薩摩川内市
薩摩川内市東郷町,薩摩川内市
薩摩川内市樋脇町,薩摩川内市
薩摩川内市祁答院町,薩摩川内市
薩摩川内市神田町,薩摩川内市
薩摩川内市里町,薩摩川内市
薩摩川内市鹿島町,薩摩川内市
藍住町奥野,藍住町
藤井寺市岡,藤井寺市
藤岡市中栗須,藤岡市
藤岡市鬼石,藤岡市
藤崎町水木,藤崎町
藤崎町西豊田,藤崎町
藤枝市岡出山,藤枝市
藤枝市岡部町岡部,藤枝市
藤枝市瀬戸新屋,藤枝市
藤沢市大庭,藤沢市
藤沢市打戻,藤沢市
藤沢市朝日町,藤沢市
藤沢市辻堂西海岸,藤沢市
藤沢市長後,藤沢市
藤里町藤琴,藤里町
蘭越町蘭越,蘭越町
蟹江町蟹江本町,蟹江町
行方市山田,行方市
行方市玉造,行方市
行方市麻生,行方市
行橋市中央,行橋市
行橋市今井,行橋市
行田市南河原,行田市
行田市本丸,行田市
袋井市新屋,袋井市
袋井市浅名,袋井市
袖ケ浦市坂戸市場,袖ケ浦市
裾野市佐野,裾野市
裾野市石脇,裾野市
西ノ島町浦郷小学校,西ノ島町
西之表市住吉,西之表市
西之表市役所,西之表市
西之表市西之表,西之表市
西予市三瓶町,西予市
西予市城川町,西予市
西予市宇和町,西予市
西予市明浜町,西予市
西予市野村町,西予市
西伊豆町一色,西伊豆町
西伊豆町仁科,西伊豆町
西伊豆町宇久須,西伊豆町
西会津町登世島,西会津町
西会津町野沢,西会津町
西原村小森,西原村
西原町与那城,西原町
西和賀町川尻,西和賀町
西和賀町沢内太田,西和賀町
西和賀町沢内川舟,西和賀町
西宮市名塩,西宮市
西宮市宮前町,西宮市
西宮市平木,西宮市
西尾市一色町,西尾市
西尾市吉良町,西尾市
西尾市矢曽根町,西尾市
西尾市西幡豆町,西尾市
西川町大井沢,西川町
西川町海味,西川町
西条市丹原町池田,西条市
西条市丹原町鞍瀬,西条市
西条市周布,西条市
西条市小松町,西条市
西条市新田,西条市
西東京市中町,西東京市
西桂町小沼,西桂町
西海市大島町,西海市
西海市大瀬戸町,西海市
西海市崎戸町,西海市
西海市西彼町,西海市
西海市西海町,西海市
西目屋村田代,西目屋村
西米良村村所,西米良村
西米良村板谷,西米良村
西粟倉村影石,西粟倉村
西脇市上比延町,西脇市
西脇市黒田庄町前坂,西脇市
西興部村西興部,西興部村
西郷村熊倉,西郷村
西都市上の宮,西都市
西都市聖陵町,西都市
見附市昭和町,見附市
観音寺市坂本町,観音寺市
観音寺市大野原町,観音寺市
観音寺市瀬戸町,観音寺市
観音寺市豊浜町,観音寺市
角田市角田,角田市
訓子府町東町,訓子府町
設楽町津具,設楽町
設楽町田口,設楽町
読谷村座喜味,読谷村
調布市小島町,調布市
調布市西つつじヶ丘,調布市
諏訪市湖岸通り,諏訪市
諏訪市高島,諏訪市
諫早市堂崎町,諫早市
諫早市多良見町,諫早市
諫早市小長井町,諫早市
諫早市東小路町,諫早市
諫早市森山町,諫早市
諫早市飯盛町,諫早市
諫早市高来町,諫早市
諸塚村家代,諸塚村
豊丘村神稲,豊丘村
豊中市中桜塚,豊中市
豊中市曽根南町,豊中市
豊前市吉木,豊前市
豊富町西６条,豊富町
豊山町豊場,豊山町
豊岡市中央町,豊岡市
豊岡市但東町,豊岡市
豊岡市出石町,豊岡市
豊岡市城崎町,豊岡市
豊岡市日高町,豊岡市
豊岡市桜町,豊岡市
豊岡市竹野町,豊岡市
豊川市一宮町,豊川市
豊川市小坂井町,豊川市
豊川市御津町,豊川市
豊川市諏訪,豊川市
豊川市赤坂町,豊川市
豊後大野市三重町,豊後大野市
豊後大野市千歳町,豊後大野市
豊後大野市大野町,豊後大野市
豊後大野市朝地町,豊後大野市
豊後大野市清川町,豊後大野市
豊後大野市犬飼町犬飼,豊後大野市
豊後大野市犬飼町黒松,豊後大野市
豊後大野市緒方町,豊後大野市
豊後高田市御玉,豊後高田市
豊後高田市真玉,豊後高田市
豊後高田市香々地,豊後高田市
豊明市沓掛町,豊明市
豊根村下黒川,豊根村
豊根村富山,豊根村
豊橋市向山,豊橋市
豊橋市東松山町,豊橋市
豊浦町大岸,豊浦町
豊田市保見町,豊田市
豊田市坂上町,豊田市
豊田市大沼町,豊田市
豊田市大洞町,豊田市
豊田市小原町,豊田市
豊田市小坂本町,豊田市
豊田市小坂町,豊田市
豊田市小渡町,豊田市
豊田市畝部西町,豊田市
豊田市百々町,豊田市
豊田市稲武町,豊田市
豊田市藤岡飯野町,豊田市
豊田市足助町,豊田市
豊田市長興寺,豊田市
豊田市駒場町,豊田市
豊能町余野,豊能町
豊見城市宜保,豊見城市
豊郷町石畑,豊郷町
豊頃町茂岩本町,豊頃町
貝塚市畠中,貝塚市
赤井川村赤井川,赤井川村
赤平市泉町,赤平市
赤村内田,赤村
赤磐市上市,赤磐市
赤磐市周匝,赤磐市
赤磐市松木,赤磐市
赤磐市町苅田,赤磐市
赤穂市加里屋,赤穂市
越前市村国,越前市
越前市粟田部,越前市
越前市高瀬,越前市
越前町江波,越前町
越前町織田,越前町
越前町西田中,越前町
越前町道口,越前町
越生町越生,越生町
越知町越知,越知町
越谷市越ヶ谷,越谷市
足利市大正町,足利市
足寄町上螺湾,足寄町
足寄町南１条,足寄町
身延町大磯小磯,身延町
身延町常葉,身延町
身延町役場,身延町
身延町梅平,身延町
軽井沢町追分,軽井沢町
軽井沢町長倉,軽井沢町
軽米町軽米,軽米町
輪之内町四郷,輪之内町
輪島市河井町,輪島市
輪島市舳倉島,輪島市
輪島市門前町走出,輪島市
輪島市鳳至町,輪島市
辰野町中央,辰野町
近江八幡市出町,近江八幡市
近江八幡市安土町下豊浦,近江八幡市
近江八幡市桜宮町,近江八幡市
逗子市桜山,逗子市
遊佐町小原田,遊佐町
遊佐町舞鶴,遊佐町
遊佐町遊佐,遊佐町
道志村釜之前,道志村
遠別町本町,遠別町
遠賀町今古賀,遠賀町
遠軽町丸瀬布金湧山,遠軽町
遠軽町学田,遠軽町
遠軽町生田原,遠軽町
遠軽町白滝,遠軽町
遠野市宮守町,遠野市
遠野市青笹町,遠野市
邑南町下口羽,邑南町
邑南町淀原,邑南町
邑南町瑞穂支所,邑南町
邑南町矢上,邑南町
邑楽町中野,邑楽町
那智勝浦町天満,那智勝浦町
那珂川市西隈,那珂川市
那珂市瓜連,那珂市
那珂市福田,那珂市
那覇市樋川,那覇市
那覇市港町,那覇市
那覇空港,那覇空港
那賀町上那賀,那賀町
那賀町和食,那賀町
那賀町延野,那賀町
那賀町木沢,那賀町
那賀町木頭和無田,那賀町
那賀町横石,那賀町
那須塩原市あたご町,那須塩原市
那須塩原市中塩原,那須塩原市
那須塩原市共墾社,那須塩原市
那須塩原市塩原庁舎,那須塩原市
那須塩原市蟇沼,那須塩原市
那須塩原市鍋掛,那須塩原市
那須烏山市大金,那須烏山市
那須烏山市役所,那須烏山市
那須烏山市神長,那須烏山市
那須町寺子,那須町
郡上市八幡町島谷,郡上市
郡上市八幡町旭,郡上市
郡上市和良町,郡上市
郡上市大和町,郡上市
郡上市明宝,郡上市
郡上市白鳥町白鳥,郡上市
郡上市白鳥町長滝,郡上市
郡上市美並町,郡上市
郡上市高鷲町,郡上市
郡山市朝日,郡山市
郡山市湖南町,郡山市
郡山市開成,郡山市
都城市姫城町,都城市
都城市山之口町花木,都城市
都城市山田町山田,都城市
都城市菖蒲原,都城市
都城市高城町穂満坊,都城市
都城市高崎町大牟田,都城市
都城市高崎町江平,都城市
都留市上谷,都留市
酒々井町中央台,酒々井町
酒田市亀ケ崎,酒田市
酒田市宮野浦,酒田市
酒田市山田,酒田市
酒田市本町,酒田市
酒田市観音寺,酒田市
酒田市飛島,酒田市
酒田市飛鳥,酒田市
里庄町里見,里庄町
野々市市三納,野々市市
野木町丸林,野木町
野沢温泉村豊郷,野沢温泉村
野洲市小篠原,野洲市
野洲市西河原,野洲市
野田市東宝珠花,野田市
野田市鶴奉,野田市
野田村野田,野田村
野辺地町田狭沢,野辺地町
野辺地町野辺地,野辺地町
野迫川村北股,野迫川村
金ケ崎町西根,金ケ崎町
金武町金武,金武町
金沢市弥生,金沢市
金沢市西念,金沢市
釜石市中妻町,釜石市
釜石市只越町,釜石市
釧路地方中南部,釧路地方中南部
釧路地方北部,釧路地方北部
釧路市幸町,釧路市
釧路市阿寒町中央,釧路市
釧路市阿寒町阿寒湖温泉,釧路市
釧路市音別町中園,釧路市
釧路市音別町尺別,釧路市
釧路市黒金町,釧路市
釧路町別保,釧路町
鈴鹿市神戸,鈴鹿市
鈴鹿市西条,鈴鹿市
鉾田市汲上,鉾田市
鉾田市造谷,鉾田市
鉾田市鉾田,鉾田市
銚子市小畑新町,銚子市
銚子市川口町,銚子市
銚子市若宮町,銚子市
鋸南町下佐久間,鋸南町
錦江町城元,錦江町
錦江町田代支所,錦江町
錦江町田代麓,錦江町
錦町一武,錦町
鎌ケ谷市新鎌ケ谷,鎌ケ谷市
鎌倉市御成町,鎌倉市
鏡石町不時沼,鏡石町
鏡野町上齋原,鏡野町
鏡野町井坂,鏡野町
鏡野町富西谷,鏡野町
鏡野町竹田,鏡野町
長万部町平里,長万部町
長与町嬉里,長与町
長久手市岩作城の内,長久手市
長井市本町,長井市
長南町総合グラウンド,長南町
長南町長南,長南町
長和町古町,長和町
長和町和田,長和町
長岡京市開田,長岡京市
長岡市上岩井,長岡市
長岡市与板町与板,長岡市
長岡市中之島,長岡市
長岡市中央公園,長岡市
長岡市千手,長岡市
長岡市寺泊一里塚,長岡市
長岡市寺泊敦ケ曽根,長岡市
長岡市寺泊烏帽子平,長岡市
長岡市小国町法坂,長岡市
長岡市小島谷,長岡市
長岡市山古志竹沢,長岡市
長岡市幸町,長岡市
長岡市東川口,長岡市
長岡市浦,長岡市
長島町伊唐島,長島町
長島町指江,長島町
長島町獅子島,長島町
長島町鷹巣,長島町
長崎対馬市上対馬町,長崎対馬市
長崎対馬市上県町佐須奈,長崎対馬市
長崎対馬市上県町飼所,長崎対馬市
長崎対馬市厳原町国分,長崎対馬市
長崎対馬市厳原町東里,長崎対馬市
長崎対馬市峰町,長崎対馬市
長崎対馬市美津島町鴨居瀬,長崎対馬市
長崎対馬市美津島町鷄知,長崎対馬市
長崎対馬市豊玉町,長崎対馬市
長崎市伊王島町,長崎市
長崎市元町,長崎市
長崎市南山手,長崎市
長崎市布巻町,長崎市
長崎市神浦江川町,長崎市
長崎市野母町,長崎市
長崎市長浦町,長崎市
長崎市香焼町,長崎市
長崎市高島町,長崎市
長崎市黒浜町,長崎市
長崎県五島,長崎県五島
長崎県北部,長崎県北部
長崎県南西部,長崎県南西部
長崎県壱岐,長崎県壱岐
長崎県対馬,長崎県対馬
長崎県島原半島,長崎県島原半島
長柄町桜谷,長柄町
長沼町中央,長沼町
長泉町中土狩,長泉町
長洲町長洲,長洲町
長浜市余呉町中之郷,長浜市
長浜市八幡東町,長浜市
長浜市公園町,長浜市
長浜市内保町,長浜市
長浜市宮部町,長浜市
長浜市木之本町木之本,長浜市
長浜市湖北町速水,長浜市
長浜市西浅井町大浦,長浜市
長浜市難波町,長浜市
長浜市高月町渡岸寺,長浜市
長瀞町本野上,長瀞町
長瀞町野上下郷,長瀞町
長生村本郷,長生村
長野南牧村海ノ口,長野南牧村
長野原町長野原,長野原町
長野川上村大深山,長野川上村
長野市中条,長野市
長野市信州新町新町,長野市
長野市大岡,長野市
長野市戸隠,長野市
長野市松代,長野市
長野市箱清水,長野市
長野市豊野町豊野,長野市
長野市鬼無里,長野市
長野市鶴賀緑町,長野市
長野池田町池田,長野池田町
長野県中部,長野県中部
長野県北部,長野県北部
長野県南部,長野県南部
長野高山村高井,長野高山村
長野高森町下市田,長野高森町
長門市三隅,長門市
長門市日置,長門市
長門市東深川,長門市
長門市深川中学校,長門市
門川町平城東,門川町
門真市中町,門真市
開成町延沢,開成町
関ケ原町関ケ原,関ケ原町
関川村下関,関川村
関市上之保,関市
関市中之保,関市
関市板取,関市
関市武芸川町,関市
関市洞戸市場,関市
関市若草通り,関市
関西国際空港,関西国際空港
阪南市尾崎町,阪南市
防府市寿,防府市
防府市西浦,防府市
阿久根市赤瀬川,阿久根市
阿久根市鶴見町,阿久根市
阿久比町卯坂,阿久比町
阿南市富岡町,阿南市
阿南市山口町,阿南市
阿南市羽ノ浦町,阿南市
阿南市那賀川町,阿南市
阿南町東條,阿南町
阿智村浪合,阿智村
阿智村清内路,阿智村
阿智村駒場,阿智村
阿武町奈古,阿武町
阿波市吉野町,阿波市
阿波市土成町,阿波市
阿波市市場町,阿波市
阿波市阿波町,阿波市
阿蘇市一の宮町,阿蘇市
阿蘇市内牧,阿蘇市
阿蘇市波野,阿蘇市
阿見町中央,阿見町
阿賀町津川,阿賀町
阿賀町白崎,阿賀町
阿賀町豊川,阿賀町
阿賀町鹿瀬中学校,阿賀町
阿賀町鹿瀬支所,阿賀町
阿賀野市かがやき,阿賀野市
阿賀野市姥ヶ橋,阿賀野市
阿賀野市山崎,阿賀野市
阿賀野市岡山町,阿賀野市
阿賀野市畑江,阿賀野市
陸別町陸別,陸別町
陸前高田市高田町,陸前高田市
階上町道仏,階上町
隠岐の島町下西,隠岐の島町
隠岐の島町北方,隠岐の島町
隠岐の島町山田,隠岐の島町
隠岐の島町布施,隠岐の島町
隠岐の島町西町,隠岐の島町
隠岐の島町都万,隠岐の島町
雄武町雄武,雄武町
雨竜町フシコウリウ,雨竜町
雫石町千刈田,雫石町
雫石町西根上駒木野,雫石町
雲仙市千々石町,雲仙市
雲仙市南串山町,雲仙市
雲仙市吾妻町,雲仙市
雲仙市国見町,雲仙市
雲仙市小浜町北本町,雲仙市
雲仙市小浜町雲仙,雲仙市
雲仙市愛野町,雲仙市
雲仙市瑞穂町,雲仙市
雲仙市雲仙出張所,雲仙市
雲南市三刀屋町三刀屋,雲南市
雲南市加茂町加茂中,雲南市
雲南市吉田町吉田,雲南市
雲南市大東町大東,雲南市
雲南市掛合町掛合,雲南市
雲南市木次町里方,雲南市
霧島市国分中央,霧島市
霧島市横川町中ノ,霧島市
霧島市溝辺町有川,霧島市
霧島市牧園町宿窪田,霧島市
霧島市福山町牧之原,霧島市
霧島市隼人町内山田,霧島市
霧島市霧島田口,霧島市
青ヶ島村,青ヶ島村
青木村田沢青木,青木村
青梅市日向和田,青梅市
青梅市東青梅,青梅市
青森南部町平,青森南部町
青森南部町沖田面,青森南部町
青森南部町苫米地,青森南部町
青森市中央,青森市
青森市浪岡,青森市
青森市花園,青森市
青森県三八上北,青森県三八上北
青森県下北,青森県下北
青森県津軽北部,青森県津軽北部
青森県津軽南部,青森県津軽南部
静岡森町森,静岡森町
静岡清水区千歳町,静岡清水区
静岡清水区由比北田,静岡清水区
静岡清水区蒲原新栄,静岡清水区
静岡清水区谷津,静岡清水区
静岡清水町堂庭,静岡清水町
静岡県中部,静岡県中部
静岡県伊豆,静岡県伊豆
静岡県東部,静岡県東部
静岡県西部,静岡県西部
静岡菊川市堀之内,静岡菊川市
静岡菊川市赤土,静岡菊川市
静岡葵区梅ヶ島,静岡葵区
静岡葵区追手町市役所,静岡葵区
静岡葵区追手町県庁,静岡葵区
静岡葵区駒形通,静岡葵区
静岡駿河区曲金,静岡駿河区
静岡駿河区用宗,静岡駿河区
鞍手町中山,鞍手町
韮崎市水神,韮崎市
音威子府村音威子府,音威子府村
音更町元町,音更町
須坂市須坂,須坂市
須崎市山手町,須崎市
須崎市西糺町,須崎市
須恵町須恵,須恵町
須賀川市八幡山,須賀川市
須賀川市八幡町,須賀川市
須賀川市岩瀬支所,須賀川市
須賀川市長沼支所,須賀川市
風間浦村易国間,風間浦村
飛島村竹之郷,飛島村
飛騨市古川町,飛騨市
飛騨市宮川町,飛騨市
飛騨市河合町元田,飛騨市
飛騨市河合町角川,飛騨市
飛騨市神岡町東町,飛騨市
飛騨市神岡町殿,飛騨市
飯南町下赤名,飯南町
飯南町頓原,飯南町
飯塚市川島,飯塚市
飯塚市忠隈,飯塚市
飯塚市新立岩,飯塚市
飯塚市立岩,飯塚市
飯塚市綱分,飯塚市
飯塚市長尾,飯塚市
飯塚市鹿毛馬,飯塚市
飯山市飯山福寿町,飯山市
飯島町飯島,飯島町
飯田市上村,飯田市
飯田市上郷黒田,飯田市
飯田市南信濃,飯田市
飯田市大久保町,飯田市
飯田市高羽町,飯田市
飯綱町牟礼,飯綱町
飯綱町芋川,飯綱町
飯能市下直竹,飯能市
飯能市双柳,飯能市
飯能市名栗,飯能市
飯能市征矢町,飯能市
飯舘村伊丹沢,飯舘村
飯豊町上原,飯豊町
飯豊町椿,飯豊町
養父市八鹿町,養父市
養父市大屋町,養父市
養父市広谷,養父市
養父市関宮,養父市
養老町高田,養老町
館山市北条,館山市
館山市長須賀,館山市
館林市上三林町,館林市
館林市城町,館林市
香取市仁良,香取市
香取市佐原平田,香取市
香取市佐原諏訪台,香取市
香取市岩部,香取市
香取市役所,香取市
香取市羽根川,香取市
香川県東部,香川県東部
香川県西部,香川県西部
香春町高野,香春町
香美市土佐山田町宝町,香美市
香美市土佐山田町岩積,香美市
香美市物部町大栃,香美市
香美市物部町神池,香美市
香美市香北町美良布,香美市
香芝市本町,香芝市
馬路村馬路,馬路村
駒ヶ根市赤須町,駒ヶ根市
高千穂町三田井,高千穂町
高千穂町寺迫,高千穂町
高原町西麓,高原町
高取町観覚寺,高取町
高山市一之宮町,高山市
高山市上宝町本郷,高山市
高山市丹生川町坊方,高山市
高山市丹生川町森部,高山市
高山市久々野町,高山市
高山市国府町,高山市
高山市奥飛騨温泉郷栃尾,高山市
高山市朝日町,高山市
高山市桐生町,高山市
高山市消防署,高山市
高山市清見町,高山市
高山市荘川町,高山市
高山市高根町,高山市
高岡市伏木,高岡市
高岡市広小路,高岡市
高岡市福岡町,高岡市
高島市マキノ町,高島市
高島市今津町弘川,高島市
高島市今津町日置前,高島市
高島市勝野,高島市
高島市安曇川町,高島市
高島市新旭町,高島市
高島市朽木市場,高島市
高島市朽木柏,高島市
高崎市下室田,高崎市
高崎市倉渕町,高崎市
高崎市吉井町吉井川,高崎市
高崎市新町,高崎市
高崎市箕郷町,高崎市
高崎市足門町,高崎市
高崎市高松町,高崎市
高松市伏石町,高松市
高松市国分寺町,高松市
高松市塩江町,高松市
高松市庵治町,高松市
高松市扇町,高松市
高松市牟礼町,高松市
高松市番町,高松市
高松市香南町,高松市
高松市香川町,高松市
高松空港,高松空港
高根沢町石末,高根沢町
高梁市備中町,高梁市
高梁市原田南町,高梁市
高梁市川上町,高梁市
高梁市成羽町,高梁市
高梁市有漢町,高梁市
高梁市松原通,高梁市
高槻市桃園町,高槻市
高槻市消防本部,高槻市
高槻市立第２中学校,高槻市
高浜市稗田町,高浜市
高浜町宮崎,高浜町
高畠町高畠,高畠町
高知市丸ノ内,高知市
高知市土佐山,高知市
高知市春野町芳原,高知市
高知市本町,高知市
高知市鏡小浜,高知市
高知津野町力石,高知津野町
高知津野町永野,高知津野町
高知県中部,高知県中部
高知県東部,高知県東部
高知県西部,高知県西部
高知香南市吉川町吉原,高知香南市
高知香南市夜須町坪井,高知香南市
高知香南市赤岡支所,高知香南市
高知香南市野市町西野,高知香南市
高知香南市香我美町下分,高知香南市
高石市加茂,高石市
高砂市荒井町,高砂市
高萩市安良川,高萩市
高萩市本町,高萩市
高野町役場,高野町
高野町高野山中学校,高野町
高鍋町上江,高鍋町
魚沼市下折立,魚沼市
魚沼市今泉,魚沼市
魚沼市堀之内,魚沼市
魚沼市大沢,魚沼市
魚沼市小出島,魚沼市
魚沼市穴沢,魚沼市
魚沼市須原,魚沼市
魚津市本江,魚津市
魚津市釈迦堂,魚津市
鮫川村赤坂中野,鮫川村
鮭川村佐渡,鮭川村
鯖江市水落町,鯖江市
鰺ヶ沢町舞戸町小夜,鰺ヶ沢町
鰺ヶ沢町舞戸町鳴戸,鰺ヶ沢町
鳥取南部町天萬,鳥取南部町
鳥取南部町法勝寺,鳥取南部町
鳥取市佐治町加瀬木,鳥取市
鳥取市吉成,鳥取市
鳥取市吉方,鳥取市
鳥取市国府町宮下,鳥取市
鳥取市気高町浜村,鳥取市
鳥取市河原町渡一木,鳥取市
鳥取市用瀬町用瀬,鳥取市
鳥取市福部町細川,鳥取市
鳥取市青谷町青谷,鳥取市
鳥取市鹿野町鹿野,鳥取市
鳥取市鹿野町鹿野小学校,鳥取市
鳥取日野町根雨,鳥取日野町
鳥取県中部,鳥取県中部
鳥取県東部,鳥取県東部
鳥取県西部,鳥取県西部
鳥取若桜町若桜,鳥取若桜町
鳥栖市宿町,鳥栖市
鳥羽市鳥羽,鳥羽市
鳩山町大豆戸,鳩山町
鳴沢村役場,鳴沢村
鳴門市撫養町,鳴門市
鳴門市鳴門町,鳴門市
鴨川市八色,鴨川市
鴨川市内浦,鴨川市
鴨川市天津,鴨川市
鴨川市横渚,鴨川市
鴻巣市中央,鴻巣市
鴻巣市吹上富士見,鴻巣市
鴻巣市川里,鴻巣市
鶴ヶ島市三ツ木,鶴ヶ島市
鶴居村鶴居東,鶴居村
鶴岡市上山添,鶴岡市
鶴岡市下名川,鶴岡市
鶴岡市温海,鶴岡市
鶴岡市温海川,鶴岡市
鶴岡市羽黒町,鶴岡市
鶴岡市藤島,鶴岡市
鶴岡市道田町,鶴岡市
鶴岡市馬場町,鶴岡市
鶴田町鶴田,鶴田町
鷹栖町南１条,鷹栖町
鹿児島出水市桂島,鹿児島出水市
鹿児島出水市緑町,鹿児島出水市
鹿児島出水市野田町,鹿児島出水市
鹿児島出水市高尾野町,鹿児島出水市
鹿児島十島村中之島出張所,鹿児島十島村
鹿児島十島村中之島徳之尾,鹿児島十島村
鹿児島十島村口之島出張所,鹿児島十島村
鹿児島十島村宝島,鹿児島十島村
鹿児島十島村小宝島,鹿児島十島村
鹿児島十島村平島,鹿児島十島村
鹿児島十島村悪石島,鹿児島十島村
鹿児島十島村諏訪之瀬島,鹿児島十島村
鹿児島市上谷口,鹿児島市
鹿児島市下福元,鹿児島市
鹿児島市喜入町,鹿児島市
鹿児島市本城,鹿児島市
鹿児島市東郡元,鹿児島市
鹿児島市桜島藤野,鹿児島市
鹿児島市桜島赤水新島,鹿児島市
鹿児島市祇園之洲町,鹿児島市
鹿児島市郡山,鹿児島市
鹿児島県十島村,鹿児島県十島村
鹿児島県大隅,鹿児島県大隅
鹿児島県奄美北部,鹿児島県奄美北部
鹿児島県奄美南部,鹿児島県奄美南部
鹿児島県屋久島,鹿児島県屋久島
鹿児島県甑島,鹿児島県甑島
鹿児島県種子島,鹿児島県種子島
鹿児島県薩摩,鹿児島県薩摩
鹿児島空港,鹿児島空港
鹿屋市串良町岡崎,鹿屋市
鹿屋市吾平町麓,鹿屋市
鹿屋市新栄町,鹿屋市
鹿屋市札元,鹿屋市
鹿屋市輝北町上百引,鹿屋市
鹿沼市今宮町,鹿沼市
鹿沼市口粟野,鹿沼市
鹿沼市晃望台,鹿沼市
鹿角市花輪,鹿角市
鹿追町東町,鹿追町
鹿部町宮浜,鹿部町
麻績村麻,麻績村
黒松内町黒松内,黒松内町
黒滝村寺戸,黒滝村
黒潮町佐賀,黒潮町
黒潮町入野,黒潮町
黒石市市ノ町,黒石市
黒部市宇奈月町下立,黒部市
黒部市植木,黒部市
龍ケ崎市役所,龍ケ崎市
龍郷町屋入,龍郷町
龍郷町浦,龍郷町
